http://www.cars-data.com//en/audi-s3-quattro-specs/1962	Audi S3 quattro	Audi S3	Audi	42.247	G	hatchback	4159	1415 mm	1763 mm	1375 kg	1375 kg	218 g/km	1999	petrol	2	3	6	5	gearbox	270-1020 l	75 kg	6,8 s	front+rear	55 l	9,1 l/100km	238 km/h	560 kg	1600 kg	dohc	petrol	1781 cc	154 KW	270 Nm
http://www.cars-data.com//en/audi-a6-avant-40-tdi-specs/80357	Audi A6 Avant 40 TDI	Audi A6 Avant	Audi	64.450	C	stationwagon	4939	1494 mm	1886 mm	1685 kg	1685 kg	118 g/km	2018	diesel	2	5	7	5	gearbox	565-1680 l	100 kg	8,3 s	front	73 l	4,5 l/100km	241 km/h	645 kg	2000 kg	dohc	diesel	1968 cc	0 KW	400 Nm
http://www.cars-data.com//en/audi-a6-avant-45-tdi-quattro-specs/80359	Audi A6 Avant 45 TDI quattro	Audi A6 Avant	Audi	77.130	E	stationwagon	4939	1494 mm	1886 mm	1865 kg	1865 kg	147 g/km	2018	diesel	2	5	8	5	gearbox	565-1680 l	100 kg	6,5 s	front+rear	73 l	5,7 l/100km	250 km/h	695 kg	2000 kg	dohc	diesel	2967 cc	0 KW	500 Nm
http://www.cars-data.com//en/audi-a6-avant-50-tdi-quattro-specs/80360	Audi A6 Avant 50 TDI quattro	Audi A6 Avant	Audi	83.000	E	stationwagon	4939	1494 mm	1886 mm	1865 kg	1865 kg	147 g/km	2018	diesel	2	5	8	5	gearbox	565-1680 l	100 kg	5,7 s	front+rear	73 l	5,7 l/100km	250 km/h	695 kg	2000 kg	dohc	diesel	2967 cc	0 KW	620 Nm
http://www.cars-data.com//en/audi-a6-avant-45-tfsi-specs/80353	Audi A6 Avant 45 TFSI	Audi A6 Avant	Audi	67.960	C	stationwagon	4939	1494 mm	1886 mm	1680 kg	1680 kg	144 g/km	2019	petrol	2	5	7	5	gearbox	565-1680 l	100 kg	7,0 s	front	73 l	6,3 l/100km	250 km/h	630 kg	2000 kg	dohc	petrol	1984 cc	0 KW	370 Nm
http://www.cars-data.com//en/audi-a6-avant-45-tfsi-quattro-specs/80354	Audi A6 Avant 45 TFSI quattro	Audi A6 Avant	Audi	72.240	C	stationwagon	4939	1494 mm	1886 mm	1735 kg	1735 kg	147 g/km	2019	petrol	2	5	7	5	gearbox	565-1680 l	100 kg	6,2 s	front+rear	73 l	6,5 l/100km	250 km/h	665 kg	2000 kg	dohc	petrol	1984 cc	0 KW	370 Nm
http://www.cars-data.com//en/audi-a6-avant-55-tfsi-quattro-specs/80355	Audi A6 Avant 55 TFSI quattro	Audi A6 Avant	Audi	79.900	D	stationwagon	4939	1494 mm	1886 mm	1810 kg	1810 kg	160 g/km	2019	petrol	2	5	8	5	gearbox	565-1680 l	100 kg	5,3 s	front+rear	73 l	7,0 l/100km	250 km/h	670 kg	2000 kg	dohc	petrol	2995 cc	0 KW	500 Nm
http://www.cars-data.com//en/audi-a6-avant-35-tdi-specs/80356	Audi A6 Avant 35 TDI	Audi A6 Avant	Audi	60.750	B	stationwagon	4939	1494 mm	1886 mm	1685 kg	1685 kg	108 g/km	2019	diesel	2	5	7	5	gearbox	565-1680 l	100 kg	9,5 s	front	73 l	4,1 l/100km	219 km/h	645 kg	2000 kg	dohc	diesel	1968 cc	0 KW	370 Nm
http://www.cars-data.com//en/audi-a6-avant-40-tdi-quattro-specs/80358	Audi A6 Avant 40 TDI quattro	Audi A6 Avant	Audi	67.610	C	stationwagon	4939	1494 mm	1886 mm	1745 kg	1745 kg	115 g/km	2019	diesel	2	5	7	5	gearbox	565-1680 l	100 kg	7,8 s	front+rear	73 l	4,4 l/100km	241 km/h	680 kg	2000 kg	dohc	diesel	1968 cc	0 KW	400 Nm
http://www.cars-data.com//en/honda-civic-tourer-1.8-comfort-specs/76024	Honda Civic Tourer 1.8 Comfort	Honda Civic Tourer	Honda	30.580	D	stationwagon	4590	1480 mm	1770 mm	1188 kg	1188 kg	146 g/km	2015	petrol	2	5	6	5	gearbox	624-1668 l	75 kg	9,2 s	front	50 l	6,2 l/100km	210 km/h	602 kg	1400 kg	ohc	petrol	1798 cc	104 KW	174 Nm
http://www.cars-data.com//en/honda-civic-tourer-1.6-i-dtec-s-specs/76037	Honda Civic Tourer 1.6 i-DTEC S	Honda Civic Tourer	Honda	26.120	D	stationwagon	4590	1480 mm	1770 mm	1242 kg	1242 kg	99 g/km	2015	diesel	2	5	6	5	gearbox	624-1668 l	75 kg	10,1 s	front	50 l	3,8 l/100km	195 km/h	668 kg	1400 kg	dohc	diesel	1597 cc	88 KW	300 Nm
http://www.cars-data.com//en/honda-civic-tourer-1.6-i-dtec-comfort-specs/76038	Honda Civic Tourer 1.6 i-DTEC Comfort	Honda Civic Tourer	Honda	29.520	D	stationwagon	4590	1480 mm	1770 mm	1242 kg	1242 kg	99 g/km	2015	diesel	2	5	6	5	gearbox	624-1668 l	75 kg	10,3 s	front	50 l	3,8 l/100km	195 km/h	668 kg	1400 kg	dohc	diesel	1597 cc	88 KW	300 Nm
http://www.cars-data.com//en/honda-civic-tourer-1.6-i-dtec-elegance-specs/76039	Honda Civic Tourer 1.6 i-DTEC Elegance	Honda Civic Tourer	Honda	31.280	D	stationwagon	4590	1480 mm	1770 mm	1242 kg	1242 kg	103 g/km	2015	diesel	2	5	6	5	gearbox	624-1668 l	75 kg	10,4 s	front	50 l	3,9 l/100km	195 km/h	668 kg	1400 kg	dohc	diesel	1597 cc	88 KW	300 Nm
http://www.cars-data.com//en/honda-civic-tourer-1.6-i-dtec-elegance-business-edition-specs/76041	Honda Civic Tourer 1.6 i-DTEC Elegance Business Edition	Honda Civic Tourer	Honda	29.750	D	stationwagon	4590	1480 mm	1770 mm	1242 kg	1242 kg	103 g/km	2015	diesel	2	5	6	5	gearbox	624-1668 l	75 kg	10,4 s	front	50 l	3,9 l/100km	195 km/h	668 kg	1400 kg	dohc	diesel	1597 cc	88 KW	300 Nm
http://www.cars-data.com//en/honda-civic-tourer-1.6-i-dtec-elegance-black-edition-specs/76042	Honda Civic Tourer 1.6 i-DTEC Elegance Black Edition	Honda Civic Tourer	Honda	30.750	D	stationwagon	4590	1480 mm	1770 mm	1242 kg	1242 kg	103 g/km	2015	diesel	2	5	6	5	gearbox	624-1668 l	75 kg	10,4 s	front	50 l	3,9 l/100km	195 km/h	668 kg	1400 kg	dohc	diesel	1597 cc	88 KW	300 Nm
http://www.cars-data.com//en/honda-civic-tourer-1.6-i-dtec-lifestyle-specs/76043	Honda Civic Tourer 1.6 i-DTEC Lifestyle	Honda Civic Tourer	Honda	34.670	D	stationwagon	4590	1480 mm	1770 mm	1242 kg	1242 kg	103 g/km	2015	diesel	2	5	6	5	gearbox	624-1668 l	75 kg	10,5 s	front	50 l	3,9 l/100km	195 km/h	668 kg	1400 kg	dohc	diesel	1597 cc	88 KW	300 Nm
http://www.cars-data.com//en/honda-civic-tourer-1.8-executive-specs/76036	Honda Civic Tourer 1.8 Executive	Honda Civic Tourer	Honda	41.830	E	stationwagon	4590	1480 mm	1770 mm	1217 kg	1217 kg	155 g/km	2015	petrol	2	5	5	5	gearbox	624-1668 l	75 kg	11,4 s	front	50 l	6,6 l/100km	205 km/h	613 kg	1000 kg	ohc	petrol	1798 cc	104 KW	174 Nm
http://www.cars-data.com//en/honda-civic-tourer-1.8-executive-specs/76035	Honda Civic Tourer 1.8 Executive	Honda Civic Tourer	Honda	38.840	E	stationwagon	4590	1480 mm	1770 mm	1188 kg	1188 kg	149 g/km	2015	petrol	2	5	6	5	gearbox	624-1668 l	75 kg	9,5 s	front	50 l	6,4 l/100km	210 km/h	602 kg	1400 kg	ohc	petrol	1798 cc	104 KW	174 Nm
http://www.cars-data.com//en/honda-civic-tourer-1.8-lifestyle-specs/76034	Honda Civic Tourer 1.8 Lifestyle	Honda Civic Tourer	Honda	38.730	E	stationwagon	4590	1480 mm	1770 mm	1217 kg	1217 kg	155 g/km	2015	petrol	2	5	6	5	gearbox	624-1668 l	75 kg	11,3 s	front	50 l	6,6 l/100km	205 km/h	613 kg	1000 kg	ohc	petrol	1798 cc	104 KW	174 Nm
http://www.cars-data.com//en/honda-civic-tourer-1.8-lifestyle-specs/76033	Honda Civic Tourer 1.8 Lifestyle	Honda Civic Tourer	Honda	35.740	E	stationwagon	4590	1480 mm	1770 mm	1188 kg	1188 kg	149 g/km	2015	petrol	2	5	6	5	gearbox	624-1668 l	75 kg	9,5 s	front	50 l	6,4 l/100km	210 km/h	602 kg	1400 kg	ohc	petrol	1798 cc	104 KW	174 Nm
http://www.cars-data.com//en/honda-civic-tourer-1.8-elegance-black-edition-specs/76032	Honda Civic Tourer 1.8 Elegance Black Edition	Honda Civic Tourer	Honda	33.250	E	stationwagon	4590	1480 mm	1770 mm	1217 kg	1217 kg	155 g/km	2015	petrol	2	5	5	5	gearbox	624-1668 l	75 kg	11,2 s	front	50 l	6,6 l/100km	205 km/h	613 kg	1000 kg	ohc	petrol	1798 cc	104 KW	174 Nm
http://www.cars-data.com//en/honda-civic-tourer-1.8-elegance-black-edition-specs/76031	Honda Civic Tourer 1.8 Elegance Black Edition	Honda Civic Tourer	Honda	30.750	E	stationwagon	4590	1480 mm	1770 mm	1188 kg	1188 kg	149 g/km	2015	petrol	2	5	6	5	gearbox	624-1668 l	75 kg	9,4 s	front	50 l	6,4 l/100km	210 km/h	602 kg	1400 kg	ohc	petrol	1798 cc	104 KW	174 Nm
http://www.cars-data.com//en/honda-civic-tourer-1.8-elegance-business-edition-specs/76030	Honda Civic Tourer 1.8 Elegance Business Edition	Honda Civic Tourer	Honda	32.250	E	stationwagon	4590	1480 mm	1770 mm	1217 kg	1217 kg	155 g/km	2015	petrol	2	5	5	5	gearbox	624-1668 l	75 kg	11,2 s	front	50 l	6,6 l/100km	205 km/h	613 kg	1000 kg	ohc	petrol	1798 cc	104 KW	174 Nm
http://www.cars-data.com//en/honda-civic-tourer-1.8-elegance-business-edition-specs/76029	Honda Civic Tourer 1.8 Elegance Business Edition	Honda Civic Tourer	Honda	29.850	E	stationwagon	4590	1480 mm	1770 mm	1188 kg	1188 kg	149 g/km	2015	petrol	2	5	6	5	gearbox	624-1668 l	75 kg	9,4 s	front	50 l	6,4 l/100km	210 km/h	602 kg	1400 kg	ohc	petrol	1798 cc	104 KW	174 Nm
http://www.cars-data.com//en/honda-civic-tourer-1.8-elegance-specs/76026	Honda Civic Tourer 1.8 Elegance	Honda Civic Tourer	Honda	35.340	E	stationwagon	4590	1480 mm	1770 mm	1217 kg	1217 kg	155 g/km	2015	petrol	2	5	5	5	gearbox	624-1668 l	75 kg	11,2 s	front	50 l	6,6 l/100km	205 km/h	613 kg	1000 kg	ohc	petrol	1798 cc	104 KW	174 Nm
http://www.cars-data.com//en/honda-civic-tourer-1.8-elegance-specs/76025	Honda Civic Tourer 1.8 Elegance	Honda Civic Tourer	Honda	32.350	E	stationwagon	4590	1480 mm	1770 mm	1188 kg	1188 kg	149 g/km	2015	petrol	2	5	6	5	gearbox	624-1668 l	75 kg	9,4 s	front	50 l	6,4 l/100km	210 km/h	602 kg	1400 kg	ohc	petrol	1798 cc	104 KW	174 Nm
http://www.cars-data.com//en/honda-civic-tourer-1.6-i-dtec-executive-specs/76044	Honda Civic Tourer 1.6 i-DTEC Executive	Honda Civic Tourer	Honda	37.770	D	stationwagon	4590	1480 mm	1770 mm	1242 kg	1242 kg	103 g/km	2015	diesel	2	5	6	5	gearbox	624-1668 l	75 kg	10,5 s	front	50 l	3,9 l/100km	195 km/h	668 kg	1400 kg	dohc	diesel	1597 cc	88 KW	300 Nm
http://www.cars-data.com//en/honda-civic-tourer-1.8-elegance-style-edition-specs/76027	Honda Civic Tourer 1.8 Elegance Style Edition	Honda Civic Tourer	Honda	29.840	E	stationwagon	4590	1480 mm	1770 mm	1188 kg	1188 kg	149 g/km	2016	petrol	2	5	6	5	gearbox	624-1668 l	75 kg	9,4 s	front	50 l	6,4 l/100km	210 km/h	602 kg	1400 kg	ohc	petrol	1798 cc	104 KW	174 Nm
http://www.cars-data.com//en/honda-civic-tourer-1.8-elegance-style-edition-specs/76028	Honda Civic Tourer 1.8 Elegance Style Edition	Honda Civic Tourer	Honda	32.830	E	stationwagon	4590	1480 mm	1770 mm	1217 kg	1217 kg	155 g/km	2016	petrol	2	5	5	5	gearbox	624-1668 l	75 kg	11,2 s	front	50 l	6,6 l/100km	205 km/h	613 kg	1000 kg	ohc	petrol	1798 cc	104 KW	174 Nm
http://www.cars-data.com//en/honda-civic-tourer-1.6-i-dtec-elegance-style-edition-specs/76040	Honda Civic Tourer 1.6 i-DTEC Elegance Style Edition	Honda Civic Tourer	Honda	28.770	D	stationwagon	4590	1480 mm	1770 mm	1242 kg	1242 kg	103 g/km	2016	diesel	2	5	6	5	gearbox	624-1668 l	75 kg	10,4 s	front	50 l	3,9 l/100km	195 km/h	668 kg	1400 kg	dohc	diesel	1597 cc	88 KW	300 Nm
http://www.cars-data.com//en/renault-kadjar-energy-dci-110-zen-specs/83762	Renault Kadjar Energy dCi 110 Zen	Renault Kadjar	Renault	31.020	C	suv/crossover	4449	1607 mm	1836 mm	1355 kg	1355 kg	99 g/km	2015	diesel	2	5	6	5	gearbox	472-1478 l	72 kg	11,9 s	front	60 l	3,8 l/100km	182 km/h	561 kg	1350 kg	ohc	diesel	1461 cc	0 KW	260 Nm
http://www.cars-data.com//en/renault-kadjar-energy-dci-130-4x4-bose-specs/78527	Renault Kadjar Energy dCi 130 4x4 Bose	Renault Kadjar	Renault	41.520	F	suv/crossover	4449	1607 mm	1836 mm	1511 kg	1511 kg	129 g/km	2015	diesel	2	5	6	5	gearbox	472-1478 l	- kg	10,5 s	front+rear	60 l	4,9 l/100km	190 km/h	548 kg	1800 kg	dohc	diesel	1598 cc	96 KW	320 Nm
http://www.cars-data.com//en/renault-kadjar-energy-dci-130-4x2-bose-specs/78526	Renault Kadjar Energy dCi 130 4x2 Bose	Renault Kadjar	Renault	37.720	E	suv/crossover	4449	1607 mm	1836 mm	1390 kg	1390 kg	117 g/km	2015	diesel	2	5	6	5	gearbox	472-1478 l	- kg	9,9 s	front	60 l	4,5 l/100km	190 km/h	574 kg	1800 kg	dohc	diesel	1598 cc	96 KW	320 Nm
http://www.cars-data.com//en/renault-kadjar-energy-dci-130-4x2-intens-specs/78525	Renault Kadjar Energy dCi 130 4x2 Intens	Renault Kadjar	Renault	35.820	E	suv/crossover	4449	1607 mm	1836 mm	1390 kg	1390 kg	113 g/km	2015	diesel	2	5	6	5	gearbox	472-1478 l	- kg	9,9 s	front	60 l	4,3 l/100km	190 km/h	574 kg	1800 kg	dohc	diesel	1598 cc	96 KW	320 Nm
http://www.cars-data.com//en/renault-kadjar-energy-dci-110-bose-specs/78522	Renault Kadjar Energy dCi 110 Bose	Renault Kadjar	Renault	36.820	D	suv/crossover	4449	1607 mm	1836 mm	1382 kg	1382 kg	103 g/km	2015	diesel	2	5	6	5	gearbox	472-1478 l	- kg	11,7 s	front	60 l	3,9 l/100km	181 km/h	561 kg	1450 kg	ohc	diesel	1461 cc	81 KW	260 Nm
http://www.cars-data.com//en/renault-kadjar-energy-dci-110-bose-specs/78521	Renault Kadjar Energy dCi 110 Bose	Renault Kadjar	Renault	34.620	D	suv/crossover	4449	1607 mm	1836 mm	1355 kg	1355 kg	103 g/km	2015	diesel	2	5	6	5	gearbox	472-1478 l	- kg	11,9 s	front	60 l	3,9 l/100km	182 km/h	561 kg	1350 kg	ohc	diesel	1461 cc	81 KW	260 Nm
http://www.cars-data.com//en/renault-kadjar-energy-dci-110-intens-specs/78520	Renault Kadjar Energy dCi 110 Intens	Renault Kadjar	Renault	34.920	C	suv/crossover	4449	1607 mm	1836 mm	1382 kg	1382 kg	99 g/km	2015	diesel	2	5	6	5	gearbox	472-1478 l	- kg	11,7 s	front	60 l	3,8 l/100km	181 km/h	561 kg	1450 kg	ohc	diesel	1461 cc	81 KW	260 Nm
http://www.cars-data.com//en/renault-kadjar-energy-dci-110-intens-specs/78519	Renault Kadjar Energy dCi 110 Intens	Renault Kadjar	Renault	32.720	C	suv/crossover	4449	1607 mm	1836 mm	1355 kg	1355 kg	99 g/km	2015	diesel	2	5	6	5	gearbox	472-1478 l	- kg	11,9 s	front	60 l	3,8 l/100km	182 km/h	561 kg	1350 kg	ohc	diesel	1461 cc	81 KW	260 Nm
http://www.cars-data.com//en/renault-kadjar-energy-dci-110-zen-specs/78518	Renault Kadjar Energy dCi 110 Zen	Renault Kadjar	Renault	32.920	C	suv/crossover	4449	1607 mm	1836 mm	1382 kg	1382 kg	99 g/km	2015	diesel	2	5	6	5	gearbox	472-1478 l	- kg	11,7 s	front	60 l	3,8 l/100km	181 km/h	561 kg	1450 kg	ohc	diesel	1461 cc	81 KW	260 Nm
http://www.cars-data.com//en/renault-kadjar-energy-tce-130-bose-specs/78512	Renault Kadjar Energy TCe 130 Bose	Renault Kadjar	Renault	32.220	C	suv/crossover	4449	1607 mm	1836 mm	1281 kg	1281 kg	130 g/km	2015	petrol	2	5	6	5	gearbox	472-1478 l	- kg	10,1 s	front	60 l	5,8 l/100km	192 km/h	572 kg	1500 kg	dohc	petrol	1198 cc	96 KW	205 Nm
http://www.cars-data.com//en/renault-kadjar-energy-tce-130-intens-specs/78510	Renault Kadjar Energy TCe 130 Intens	Renault Kadjar	Renault	30.320	B	suv/crossover	4449	1607 mm	1836 mm	1281 kg	1281 kg	126 g/km	2015	petrol	2	5	6	5	gearbox	472-1478 l	- kg	10,1 s	front	60 l	5,6 l/100km	192 km/h	572 kg	1500 kg	dohc	petrol	1198 cc	96 KW	205 Nm
http://www.cars-data.com//en/renault-kadjar-energy-tce-130-zen-specs/78508	Renault Kadjar Energy TCe 130 Zen	Renault Kadjar	Renault	28.320	B	suv/crossover	4449	1607 mm	1836 mm	1281 kg	1281 kg	126 g/km	2015	petrol	2	5	6	5	gearbox	472-1478 l	- kg	10,1 s	front	60 l	5,6 l/100km	192 km/h	572 kg	1500 kg	dohc	petrol	1198 cc	96 KW	205 Nm
http://www.cars-data.com//en/renault-kadjar-energy-tce-130-life-specs/78507	Renault Kadjar Energy TCe 130 Life	Renault Kadjar	Renault	26.320	B	suv/crossover	4449	1607 mm	1836 mm	1281 kg	1281 kg	126 g/km	2015	petrol	2	5	6	5	gearbox	472-1478 l	- kg	10,1 s	front	60 l	5,6 l/100km	192 km/h	572 kg	1500 kg	dohc	petrol	1198 cc	96 KW	205 Nm
http://www.cars-data.com//en/renault-kadjar-energy-dci-110-limited-specs/83764	Renault Kadjar Energy dCi 110 Limited	Renault Kadjar	Renault	33.720	C	suv/crossover	4449	1607 mm	1836 mm	1382 kg	1382 kg	99 g/km	2017	diesel	2	5	6	5	gearbox	472-1478 l	72 kg	11,7 s	front	60 l	3,8 l/100km	181 km/h	561 kg	1450 kg	ohc	diesel	1461 cc	0 KW	260 Nm
http://www.cars-data.com//en/renault-kadjar-energy-tce-130-limited-specs/83759	Renault Kadjar Energy TCe 130 Limited	Renault Kadjar	Renault	29.020	C	suv/crossover	4449	1607 mm	1836 mm	1281 kg	1281 kg	126 g/km	2017	petrol	2	5	6	5	gearbox	472-1478 l	72 kg	10,1 s	front	60 l	5,6 l/100km	192 km/h	572 kg	1500 kg	dohc	petrol	1198 cc	0 KW	205 Nm
http://www.cars-data.com//en/renault-kadjar-energy-tce-130-limited-specs/83760	Renault Kadjar Energy TCe 130 Limited	Renault Kadjar	Renault	31.220	C	suv/crossover	4449	1607 mm	1836 mm	1295 kg	1295 kg	123 g/km	2017	petrol	2	5	7	5	gearbox	472-1478 l	72 kg	10,7 s	front	60 l	5,5 l/100km	192 km/h	608 kg	1500 kg	dohc	petrol	1198 cc	0 KW	205 Nm
http://www.cars-data.com//en/renault-kadjar-energy-tce-165-bose-specs/78517	Renault Kadjar Energy TCe 165 Bose	Renault Kadjar	Renault	34.020	C	suv/crossover	4449	1607 mm	1836 mm	1365 kg	1365 kg	139 g/km	2017	petrol	2	5	6	5	gearbox	472-1478 l	- kg	9,2 s	front	60 l	6,2 l/100km	205 km/h	569 kg	1800 kg	dohc	petrol	1618 cc	120 KW	240 Nm
http://www.cars-data.com//en/renault-kadjar-energy-tce-165-intens-specs/78516	Renault Kadjar Energy TCe 165 Intens	Renault Kadjar	Renault	32.120	C	suv/crossover	4449	1607 mm	1836 mm	1351 kg	1351 kg	134 g/km	2017	petrol	2	5	6	5	gearbox	472-1478 l	- kg	9,2 s	front	60 l	6,0 l/100km	205 km/h	577 kg	1800 kg	dohc	petrol	1618 cc	120 KW	240 Nm
http://www.cars-data.com//en/renault-kadjar-energy-tce-165-limited-specs/83761	Renault Kadjar Energy TCe 165 Limited	Renault Kadjar	Renault	30.620	D	suv/crossover	4449	1607 mm	1836 mm	1351 kg	1351 kg	134 g/km	2017	petrol	2	5	6	5	gearbox	472-1478 l	72 kg	9,2 s	front	60 l	6,0 l/100km	205 km/h	577 kg	1800 kg	dohc	petrol	1618 cc	0 KW	240 Nm
http://www.cars-data.com//en/renault-kadjar-energy-dci-110-limited-specs/83763	Renault Kadjar Energy dCi 110 Limited	Renault Kadjar	Renault	31.520	C	suv/crossover	4449	1607 mm	1836 mm	1355 kg	1355 kg	99 g/km	2017	diesel	2	5	6	5	gearbox	472-1478 l	72 kg	11,9 s	front	60 l	3,8 l/100km	182 km/h	561 kg	1350 kg	ohc	diesel	1461 cc	0 KW	260 Nm
http://www.cars-data.com//en/renault-kadjar-energy-dci-110-extase-specs/78523	Renault Kadjar Energy dCi 110 Extase	Renault Kadjar	Renault	35.390	C	suv/crossover	4449	1607 mm	1836 mm	1355 kg	1355 kg	99 g/km	2016	diesel	2	5	6	5	gearbox	472-1478 l	- kg	11,9 s	front	60 l	3,8 l/100km	182 km/h	561 kg	1350 kg	ohc	diesel	1461 cc	81 KW	260 Nm
http://www.cars-data.com//en/renault-kadjar-energy-tce-130-bose-specs/78513	Renault Kadjar Energy TCe 130 Bose	Renault Kadjar	Renault	34.420	C	suv/crossover	4449	1607 mm	1836 mm	1295 kg	1295 kg	132 g/km	2016	petrol	2	5	7	5	gearbox	472-1478 l	- kg	10,7 s	front	60 l	5,8 l/100km	192 km/h	608 kg	1500 kg	dohc	petrol	1198 cc	96 KW	205 Nm
http://www.cars-data.com//en/renault-kadjar-energy-tce-130-zen-specs/78509	Renault Kadjar Energy TCe 130 Zen	Renault Kadjar	Renault	30.520	B	suv/crossover	4449	1607 mm	1836 mm	1295 kg	1295 kg	123 g/km	2016	petrol	2	5	7	5	gearbox	472-1478 l	- kg	10,7 s	front	60 l	5,5 l/100km	192 km/h	608 kg	1500 kg	dohc	petrol	1198 cc	96 KW	205 Nm
http://www.cars-data.com//en/renault-kadjar-energy-tce-130-intens-specs/78511	Renault Kadjar Energy TCe 130 Intens	Renault Kadjar	Renault	32.520	B	suv/crossover	4449	1607 mm	1836 mm	1295 kg	1295 kg	123 g/km	2016	petrol	2	5	7	5	gearbox	472-1478 l	- kg	10,7 s	front	60 l	5,5 l/100km	192 km/h	608 kg	1500 kg	dohc	petrol	1198 cc	96 KW	205 Nm
http://www.cars-data.com//en/renault-kadjar-energy-tce-130-extase-specs/78515	Renault Kadjar Energy TCe 130 Extase	Renault Kadjar	Renault	34.590	B	suv/crossover	4449	1607 mm	1836 mm	1295 kg	1295 kg	123 g/km	2016	petrol	2	5	7	5	gearbox	472-1478 l	- kg	10,7 s	front	60 l	5,5 l/100km	192 km/h	608 kg	1500 kg	dohc	petrol	1198 cc	96 KW	205 Nm
http://www.cars-data.com//en/renault-kadjar-energy-tce-130-extase-specs/78514	Renault Kadjar Energy TCe 130 Extase	Renault Kadjar	Renault	32.390	B	suv/crossover	4449	1607 mm	1836 mm	1281 kg	1281 kg	126 g/km	2016	petrol	2	5	6	5	gearbox	472-1478 l	- kg	10,1 s	front	60 l	5,6 l/100km	192 km/h	572 kg	1500 kg	dohc	petrol	1198 cc	96 KW	205 Nm
http://www.cars-data.com//en/renault-kadjar-energy-dci-110-extase-specs/78524	Renault Kadjar Energy dCi 110 Extase	Renault Kadjar	Renault	37.390	C	suv/crossover	4449	1607 mm	1836 mm	1382 kg	1382 kg	99 g/km	2016	diesel	2	5	6	5	gearbox	472-1478 l	- kg	11,7 s	front	60 l	3,8 l/100km	181 km/h	561 kg	1450 kg	ohc	diesel	1461 cc	81 KW	260 Nm
http://www.cars-data.com//en/buick-park-avenue-specs/59685	Buick Park Avenue	Buick Park Avenue	Buick	46.059	N.A.	sedan	5211	1405 mm	1903 mm	1698 kg	1698 kg		1991	petrol	2	4	4	5	gearbox	574 l		11,0 s	front	68 l	9,0 l/100km	185 km/h			ohv	petrol	3785 cc	127 KW	306 Nm
http://www.cars-data.com//en/buick-park-avenue-specs/59686	Buick Park Avenue	Buick Park Avenue	Buick	49.893	N.A.	sedan	5230	1399 mm	1883 mm	1605 kg	1605 kg		1995	petrol	2	4	4	5	gearbox	574 l		11,0 s	front	68 l	10,7 l/100km	195 km/h	515 kg		ohv	petrol	3785 cc	150 KW	324 Nm
http://www.cars-data.com//en/opel-rekord-1.8-s-ls-specs/71192	Opel Rekord 1.8 S LS	Opel Rekord	Opel	13.768	N.A.	sedan	4652	1420 mm	1726 mm	1115 kg	1115 kg		1984	petrol	2	4	4	5	gearbox	490 l	80 kg	14,0 s	rear	65 l	8,5 l/100km	173 km/h	540 kg	1000 kg	ohc	petrol	1796 cc	66 KW	143 Nm
http://www.cars-data.com//en/opel-rekord-2.2i-gl-specs/71206	Opel Rekord 2.2i GL	Opel Rekord	Opel	16.292	N.A.	sedan	4652	1420 mm	1726 mm	1165 kg	1165 kg		1984	petrol	2	4	5	5	gearbox	490 l	80 kg	10,5 s	rear	65 l	8,3 l/100km	187 km/h	520 kg	1500 kg	ohc	petrol	2197 cc	85 KW	182 Nm
http://www.cars-data.com//en/opel-rekord-2.2i-gl-specs/71207	Opel Rekord 2.2i GL	Opel Rekord	Opel	17.434	N.A.	sedan	4652	1420 mm	1726 mm	1165 kg	1165 kg		1984	petrol	2	4	3	5	gearbox	490 l	80 kg	13,5 s	rear	65 l	9,1 l/100km	181 km/h	520 kg	1500 kg	ohc	petrol	2197 cc	85 KW	182 Nm
http://www.cars-data.com//en/opel-rekord-2.2i-gls-specs/71208	Opel Rekord 2.2i GLS	Opel Rekord	Opel	18.276	N.A.	sedan	4652	1420 mm	1726 mm	1165 kg	1165 kg		1984	petrol	2	4	5	5	gearbox	490 l	80 kg	10,5 s	rear	65 l	8,3 l/100km	187 km/h	520 kg	1500 kg	ohc	petrol	2197 cc	85 KW	182 Nm
http://www.cars-data.com//en/opel-rekord-2.2i-gls-specs/71209	Opel Rekord 2.2i GLS	Opel Rekord	Opel	19.418	N.A.	sedan	4652	1420 mm	1726 mm	1165 kg	1165 kg		1984	petrol	2	4	3	5	gearbox	490 l	80 kg	13,5 s	rear	65 l	9,1 l/100km	181 km/h	520 kg	1500 kg	ohc	petrol	2197 cc	85 KW	182 Nm
http://www.cars-data.com//en/opel-rekord-2.2i-cd-specs/71210	Opel Rekord 2.2i CD	Opel Rekord	Opel	20.718	N.A.	sedan	4652	1420 mm	1726 mm	1165 kg	1165 kg		1984	petrol	2	4	5	5	gearbox	490 l	80 kg	10,5 s	rear	65 l	8,3 l/100km	187 km/h	520 kg	1500 kg	ohc	petrol	2197 cc	85 KW	182 Nm
http://www.cars-data.com//en/opel-rekord-2.2i-cd-specs/71211	Opel Rekord 2.2i CD	Opel Rekord	Opel	21.860	N.A.	sedan	4652	1420 mm	1726 mm	1165 kg	1165 kg		1984	petrol	2	4	3	5	gearbox	490 l	80 kg	13,5 s	rear	65 l	9,1 l/100km	181 km/h	520 kg	1500 kg	ohc	petrol	2197 cc	85 KW	182 Nm
http://www.cars-data.com//en/opel-rekord-2.3-d-ls-specs/71212	Opel Rekord 2.3 D LS	Opel Rekord	Opel	16.054	N.A.	sedan	4652	1420 mm	1726 mm	1235 kg	1235 kg		1984	diesel	2	4	5	5	gearbox	490 l	80 kg	20,0 s	rear	65 l	6,9 l/100km	155 km/h	550 kg	1000 kg	ohc	diesel	2260 cc	52 KW	135 Nm
http://www.cars-data.com//en/opel-rekord-2.3-d-gl-specs/71213	Opel Rekord 2.3 D GL	Opel Rekord	Opel	17.152	N.A.	sedan	4652	1420 mm	1726 mm	1235 kg	1235 kg		1984	diesel	2	4	5	5	gearbox	490 l	80 kg	20,0 s	rear	65 l	6,9 l/100km	155 km/h	550 kg	1000 kg	ohc	diesel	2260 cc	52 KW	135 Nm
http://www.cars-data.com//en/opel-rekord-2.3-d-gls-specs/71214	Opel Rekord 2.3 D GLS	Opel Rekord	Opel	18.755	N.A.	sedan	4652	1420 mm	1726 mm	1235 kg	1235 kg		1984	diesel	2	4	5	5	gearbox	490 l	80 kg	20,0 s	rear	65 l	6,9 l/100km	155 km/h	545 kg	1000 kg	ohc	diesel	2260 cc	52 KW	135 Nm
http://www.cars-data.com//en/opel-rekord-2.3-td-ls-specs/71215	Opel Rekord 2.3 TD LS	Opel Rekord	Opel	18.419	N.A.	sedan	4652	1420 mm	1726 mm	1245 kg	1245 kg		1984	diesel	2	4	5	5	gearbox	490 l	80 kg	13,3 s	rear	65 l	6,9 l/100km	165 km/h	535 kg	1300 kg	ohc	diesel	2260 cc	63 KW	189 Nm
http://www.cars-data.com//en/opel-rekord-2.3-td-gl-specs/71216	Opel Rekord 2.3 TD GL	Opel Rekord	Opel	19.494	N.A.	sedan	4652	1420 mm	1726 mm	1245 kg	1245 kg		1984	diesel	2	4	5	5	gearbox	490 l	80 kg	13,3 s	rear	65 l	6,9 l/100km	165 km/h	535 kg	1300 kg	ohc	diesel	2260 cc	63 KW	189 Nm
http://www.cars-data.com//en/opel-rekord-2.2i-ls-specs/71205	Opel Rekord 2.2i LS	Opel Rekord	Opel	16.336	N.A.	sedan	4652	1420 mm	1726 mm	1165 kg	1165 kg		1984	petrol	2	4	3	5	gearbox	490 l	80 kg	13,5 s	rear	65 l	9,1 l/100km	181 km/h	520 kg	1500 kg	ohc	petrol	2197 cc	85 KW	182 Nm
http://www.cars-data.com//en/opel-rekord-2.2i-ls-specs/71204	Opel Rekord 2.2i LS	Opel Rekord	Opel	15.193	N.A.	sedan	4652	1420 mm	1726 mm	1165 kg	1165 kg		1984	petrol	2	4	5	5	gearbox	490 l	80 kg	10,5 s	rear	65 l	8,3 l/100km	187 km/h	520 kg	1500 kg	ohc	petrol	2197 cc	85 KW	182 Nm
http://www.cars-data.com//en/opel-rekord-1.8-s-ls-specs/71193	Opel Rekord 1.8 S LS	Opel Rekord	Opel	14.910	N.A.	sedan	4652	1420 mm	1726 mm	1115 kg	1115 kg		1984	petrol	2	4	3	5	gearbox	490 l	80 kg	16,0 s	rear	65 l	8,7 l/100km	167 km/h	540 kg	1000 kg	ohc	petrol	1796 cc	66 KW	143 Nm
http://www.cars-data.com//en/opel-rekord-1.8-s-gl-specs/71194	Opel Rekord 1.8 S GL	Opel Rekord	Opel	14.753	N.A.	sedan	4652	1420 mm	1726 mm	1115 kg	1115 kg		1984	petrol	2	4	4	5	gearbox	490 l	80 kg	14,0 s	rear	65 l	8,5 l/100km	173 km/h	540 kg	1000 kg	ohc	petrol	1796 cc	66 KW	143 Nm
http://www.cars-data.com//en/opel-rekord-1.8-s-gl-specs/71195	Opel Rekord 1.8 S GL	Opel Rekord	Opel	15.895	N.A.	sedan	4652	1420 mm	1726 mm	1115 kg	1115 kg		1984	petrol	2	4	3	5	gearbox	490 l	80 kg	16,0 s	rear	65 l	8,7 l/100km	167 km/h	540 kg	1000 kg	ohc	petrol	1796 cc	66 KW	143 Nm
http://www.cars-data.com//en/opel-rekord-1.8-s-gls-specs/71196	Opel Rekord 1.8 S GLS	Opel Rekord	Opel	16.661	N.A.	sedan	4652	1420 mm	1726 mm	1115 kg	1115 kg		1984	petrol	2	4	4	5	gearbox	490 l	80 kg	14,0 s	rear	65 l	8,5 l/100km	173 km/h	540 kg	1000 kg	ohc	petrol	1796 cc	66 KW	143 Nm
http://www.cars-data.com//en/opel-rekord-1.8-s-gls-specs/71197	Opel Rekord 1.8 S GLS	Opel Rekord	Opel	17.803	N.A.	sedan	4652	1420 mm	1726 mm	1115 kg	1115 kg		1984	petrol	2	4	3	5	gearbox	490 l	80 kg	16,0 s	rear	65 l	8,7 l/100km	167 km/h	540 kg	1000 kg	ohc	petrol	1796 cc	66 KW	143 Nm
http://www.cars-data.com//en/opel-rekord-2.0-s-ls-specs/71198	Opel Rekord 2.0 S LS	Opel Rekord	Opel	13.863	N.A.	sedan	4652	1420 mm	1726 mm	1135 kg	1135 kg		1984	petrol	2	4	5	5	gearbox	490 l	80 kg	12,5 s	rear	65 l	8,5 l/100km	181 km/h	550 kg	1200 kg	ohc	petrol	1979 cc	74 KW	156 Nm
http://www.cars-data.com//en/opel-rekord-2.0-s-ls-specs/71199	Opel Rekord 2.0 S LS	Opel Rekord	Opel	15.005	N.A.	sedan	4652	1420 mm	1726 mm	1135 kg	1135 kg		1984	petrol	2	4	3	5	gearbox	490 l	80 kg	14,0 s	rear	65 l	9,2 l/100km	175 km/h	550 kg	1200 kg	ohc	petrol	1979 cc	74 KW	156 Nm
http://www.cars-data.com//en/opel-rekord-2.0-s-gl-specs/71200	Opel Rekord 2.0 S GL	Opel Rekord	Opel	14.848	N.A.	sedan	4652	1420 mm	1726 mm	1135 kg	1135 kg		1984	petrol	2	4	5	5	gearbox	490 l	80 kg	12,5 s	rear	65 l	8,5 l/100km	181 km/h	550 kg	1200 kg	ohc	petrol	1979 cc	74 KW	156 Nm
http://www.cars-data.com//en/opel-rekord-2.0-s-gl-specs/71201	Opel Rekord 2.0 S GL	Opel Rekord	Opel	15.990	N.A.	sedan	4652	1420 mm	1726 mm	1135 kg	1135 kg		1984	petrol	2	4	3	5	gearbox	490 l	80 kg	14,0 s	rear	65 l	9,2 l/100km	175 km/h	550 kg	1200 kg	ohc	petrol	1979 cc	74 KW	156 Nm
http://www.cars-data.com//en/opel-rekord-2.0-s-gls-specs/71202	Opel Rekord 2.0 S GLS	Opel Rekord	Opel	16.841	N.A.	sedan	4652	1420 mm	1726 mm	1135 kg	1135 kg		1984	petrol	2	4	5	5	gearbox	490 l	80 kg	12,5 s	rear	65 l	8,5 l/100km	181 km/h	550 kg	1200 kg	ohc	petrol	1979 cc	74 KW	156 Nm
http://www.cars-data.com//en/opel-rekord-2.0-s-gls-specs/71203	Opel Rekord 2.0 S GLS	Opel Rekord	Opel	17.983	N.A.	sedan	4652	1420 mm	1726 mm	1135 kg	1135 kg		1984	petrol	2	4	3	5	gearbox	490 l	80 kg	14,0 s	rear	65 l	9,2 l/100km	175 km/h	550 kg	1200 kg	ohc	petrol	1979 cc	74 KW	156 Nm
http://www.cars-data.com//en/opel-rekord-2.3-td-gls-specs/71217	Opel Rekord 2.3 TD GLS	Opel Rekord	Opel	21.120	N.A.	sedan	4652	1420 mm	1726 mm	1245 kg	1245 kg		1984	diesel	2	4	5	5	gearbox	490 l	80 kg	13,3 s	rear	65 l	6,9 l/100km	165 km/h	535 kg	1300 kg	ohc	diesel	2260 cc	63 KW	189 Nm
http://www.cars-data.com//en/bmw-z4-roadster-sdrive35i-executive-specs/8619	BMW Z4 Roadster sDrive35i Executive	BMW Z4 Roadster	BMW	73.475	G	cabriolet	4239	1291 mm	1790 mm	1500 kg	1500 kg	210 g/km	2009	petrol	2	2	7	2	gearbox	180-310 l		5,1 s	rear	55 l	9,0 l/100km	250 km/h	355 kg		dohc	petrol	2979 cc	225 KW	400 Nm
http://www.cars-data.com//en/bmw-z4-roadster-sdrive35i-executive-specs/8618	BMW Z4 Roadster sDrive35i Executive	BMW Z4 Roadster	BMW	73.375	G	cabriolet	4239	1291 mm	1790 mm	1480 kg	1480 kg	219 g/km	2009	petrol	2	2	6	2	gearbox	180-310 l		5,2 s	rear	55 l	9,4 l/100km	250 km/h	355 kg		dohc	petrol	2979 cc	225 KW	400 Nm
http://www.cars-data.com//en/bmw-z4-roadster-sdrive35i-specs/8617	BMW Z4 Roadster sDrive35i	BMW Z4 Roadster	BMW	69.457	G	cabriolet	4239	1291 mm	1790 mm	1500 kg	1500 kg	210 g/km	2009	petrol	2	2	7	2	gearbox	180-310 l		5,1 s	rear	55 l	9,0 l/100km	250 km/h	355 kg		dohc	petrol	2979 cc	225 KW	400 Nm
http://www.cars-data.com//en/bmw-z4-roadster-sdrive35i-specs/8616	BMW Z4 Roadster sDrive35i	BMW Z4 Roadster	BMW	69.500	G	cabriolet	4239	1291 mm	1790 mm	1480 kg	1480 kg	219 g/km	2009	petrol	2	2	6	2	gearbox	180-310 l		5,2 s	rear	55 l	9,4 l/100km	250 km/h	355 kg		dohc	petrol	2979 cc	225 KW	400 Nm
http://www.cars-data.com//en/bmw-z4-roadster-sdrive30i-executive-specs/8615	BMW Z4 Roadster sDrive30i Executive	BMW Z4 Roadster	BMW	65.620	G	cabriolet	4239	1291 mm	1790 mm	1405 kg	1405 kg	195 g/km	2009	petrol	2	2	6	2	gearbox	180-310 l		6,1 s	rear	55 l	8,3 l/100km	250 km/h	355 kg		dohc	petrol	2996 cc	190 KW	310 Nm
http://www.cars-data.com//en/bmw-z4-roadster-sdrive30i-executive-specs/8614	BMW Z4 Roadster sDrive30i Executive	BMW Z4 Roadster	BMW	63.715	G	cabriolet	4239	1291 mm	1790 mm	1390 kg	1390 kg	199 g/km	2009	petrol	2	2	6	2	gearbox	180-310 l		5,8 s	rear	55 l	8,5 l/100km	250 km/h	355 kg		dohc	petrol	2996 cc	190 KW	310 Nm
http://www.cars-data.com//en/bmw-z4-roadster-sdrive30i-specs/8613	BMW Z4 Roadster sDrive30i	BMW Z4 Roadster	BMW	61.155	G	cabriolet	4239	1291 mm	1790 mm	1405 kg	1405 kg	195 g/km	2009	petrol	2	2	6	2	gearbox	180-310 l		6,1 s	rear	55 l	8,3 l/100km	250 km/h	355 kg		dohc	petrol	2996 cc	190 KW	310 Nm
http://www.cars-data.com//en/bmw-z4-roadster-sdrive30i-specs/8612	BMW Z4 Roadster sDrive30i	BMW Z4 Roadster	BMW	59.250	G	cabriolet	4239	1291 mm	1790 mm	1390 kg	1390 kg	199 g/km	2009	petrol	2	2	6	2	gearbox	180-310 l		5,8 s	rear	55 l	8,5 l/100km	250 km/h	355 kg		dohc	petrol	2996 cc	190 KW	310 Nm
http://www.cars-data.com//en/bmw-z4-roadster-sdrive23i-executive-specs/8605	BMW Z4 Roadster sDrive23i Executive	BMW Z4 Roadster	BMW	56.685	G	cabriolet	4239	1291 mm	1790 mm	1405 kg	1405 kg	192 g/km	2009	petrol	2	2	6	2	gearbox	180-310 l		7,3 s	rear	55 l	8,2 l/100km	239 km/h	355 kg		dohc	petrol	2497 cc	150 KW	250 Nm
http://www.cars-data.com//en/bmw-z4-roadster-sdrive23i-executive-specs/8604	BMW Z4 Roadster sDrive23i Executive	BMW Z4 Roadster	BMW	55.385	G	cabriolet	4239	1291 mm	1790 mm	1380 kg	1380 kg	199 g/km	2009	petrol	2	2	6	2	gearbox	180-310 l		6,6 s	rear	55 l	8,5 l/100km	242 km/h	355 kg		dohc	petrol	2497 cc	150 KW	250 Nm
http://www.cars-data.com//en/bmw-z4-roadster-sdrive23i-specs/8603	BMW Z4 Roadster sDrive23i	BMW Z4 Roadster	BMW	51.740	G	cabriolet	4239	1291 mm	1790 mm	1405 kg	1405 kg	192 g/km	2009	petrol	2	2	6	2	gearbox	180-310 l		7,3 s	rear	55 l	8,2 l/100km	239 km/h	355 kg		dohc	petrol	2497 cc	150 KW	250 Nm
http://www.cars-data.com//en/bmw-z4-roadster-sdrive23i-specs/8602	BMW Z4 Roadster sDrive23i	BMW Z4 Roadster	BMW	50.440	G	cabriolet	4239	1291 mm	1790 mm	1380 kg	1380 kg	199 g/km	2009	petrol	2	2	6	2	gearbox	180-310 l		6,6 s	rear	55 l	8,5 l/100km	242 km/h	355 kg		dohc	petrol	2497 cc	150 KW	250 Nm
http://www.cars-data.com//en/bmw-z4-roadster-sdrive35is-high-executive-specs/8624	BMW Z4 Roadster sDrive35is High Executive	BMW Z4 Roadster	BMW	82.895	G	cabriolet	4239	1291 mm	1790 mm	1500 kg	1500 kg	210 g/km	2012	petrol	2	2	7	2	gearbox	180-310 l		4,8 s	rear	55 l	9,0 l/100km	250 km/h	355 kg		dohc	petrol	2979 cc	250 KW	450 Nm
http://www.cars-data.com//en/bmw-z4-roadster-sdrive35i-high-executive-specs/8621	BMW Z4 Roadster sDrive35i High Executive	BMW Z4 Roadster	BMW	74.852	G	cabriolet	4239	1291 mm	1790 mm	1500 kg	1500 kg	210 g/km	2012	petrol	2	2	7	2	gearbox	180-310 l		5,1 s	rear	55 l	9,0 l/100km	250 km/h	355 kg		dohc	petrol	2979 cc	225 KW	400 Nm
http://www.cars-data.com//en/bmw-z4-roadster-sdrive35i-high-executive-specs/8620	BMW Z4 Roadster sDrive35i High Executive	BMW Z4 Roadster	BMW	74.895	G	cabriolet	4239	1291 mm	1790 mm	1480 kg	1480 kg	219 g/km	2012	petrol	2	2	6	2	gearbox	180-310 l		5,2 s	rear	55 l	9,4 l/100km	250 km/h	355 kg		dohc	petrol	2979 cc	225 KW	400 Nm
http://www.cars-data.com//en/bmw-z4-roadster-sdrive28i-high-executive-specs/8611	BMW Z4 Roadster sDrive28i High Executive	BMW Z4 Roadster	BMW	61.784	F	cabriolet	4239	1291 mm	1790 mm	1395 kg	1395 kg	159 g/km	2012	petrol	2	2	8	2	gearbox	180-310 l		5,7 s	rear	55 l	6,8 l/100km	250 km/h	355 kg		dohc	petrol	1997 cc	180 KW	350 Nm
http://www.cars-data.com//en/bmw-z4-roadster-sdrive28i-high-executive-specs/8610	BMW Z4 Roadster sDrive28i High Executive	BMW Z4 Roadster	BMW	59.395	F	cabriolet	4239	1291 mm	1790 mm	1375 kg	1375 kg	159 g/km	2012	petrol	2	2	6	2	gearbox	180-310 l		5,7 s	rear	55 l	6,8 l/100km	250 km/h	355 kg		dohc	petrol	1997 cc	180 KW	350 Nm
http://www.cars-data.com//en/bmw-z4-roadster-sdrive20i-high-executive-specs/8601	BMW Z4 Roadster sDrive20i High Executive	BMW Z4 Roadster	BMW	55.875	F	cabriolet	4239	1291 mm	1790 mm	1395 kg	1395 kg	159 g/km	2012	petrol	2	2	8	2	gearbox	180-310 l		7,2 s	rear	55 l	6,8 l/100km	232 km/h	355 kg		dohc	petrol	1997 cc	135 KW	270 Nm
http://www.cars-data.com//en/bmw-z4-roadster-sdrive20i-high-executive-specs/8600	BMW Z4 Roadster sDrive20i High Executive	BMW Z4 Roadster	BMW	53.485	F	cabriolet	4239	1291 mm	1790 mm	1370 kg	1370 kg	159 g/km	2012	petrol	2	2	6	2	gearbox	180-310 l		6,9 s	rear	55 l	6,8 l/100km	235 km/h	355 kg		dohc	petrol	1997 cc	135 KW	270 Nm
http://www.cars-data.com//en/bmw-z4-roadster-sdrive20i-specs/8596	BMW Z4 Roadster sDrive20i	BMW Z4 Roadster	BMW	46.990	F	cabriolet	4239	1291 mm	1790 mm	1370 kg	1370 kg	159 g/km	2011	petrol	2	2	6	2	gearbox	180-310 l		6,9 s	rear	55 l	6,8 l/100km	235 km/h	355 kg		dohc	petrol	1997 cc	135 KW	270 Nm
http://www.cars-data.com//en/bmw-z4-roadster-sdrive20i-executive-specs/8598	BMW Z4 Roadster sDrive20i Executive	BMW Z4 Roadster	BMW	49.565	F	cabriolet	4239	1291 mm	1790 mm	1370 kg	1370 kg	159 g/km	2011	petrol	2	2	6	2	gearbox	180-310 l		6,9 s	rear	55 l	6,8 l/100km	235 km/h	355 kg		dohc	petrol	1997 cc	135 KW	270 Nm
http://www.cars-data.com//en/bmw-z4-roadster-sdrive20i-executive-specs/8599	BMW Z4 Roadster sDrive20i Executive	BMW Z4 Roadster	BMW	52.130	F	cabriolet	4239	1291 mm	1790 mm	1395 kg	1395 kg	159 g/km	2011	petrol	2	2	8	2	gearbox	180-310 l		7,2 s	rear	55 l	6,8 l/100km	232 km/h	355 kg		dohc	petrol	1997 cc	135 KW	270 Nm
http://www.cars-data.com//en/bmw-z4-roadster-sdrive28i-executive-specs/8609	BMW Z4 Roadster sDrive28i Executive	BMW Z4 Roadster	BMW	57.780	F	cabriolet	4239	1291 mm	1790 mm	1395 kg	1395 kg	159 g/km	2011	petrol	2	2	8	2	gearbox	180-310 l		5,7 s	rear	55 l	6,8 l/100km	250 km/h	355 kg		dohc	petrol	1997 cc	180 KW	350 Nm
http://www.cars-data.com//en/bmw-z4-roadster-sdrive28i-executive-specs/8608	BMW Z4 Roadster sDrive28i Executive	BMW Z4 Roadster	BMW	55.210	F	cabriolet	4239	1291 mm	1790 mm	1375 kg	1375 kg	159 g/km	2011	petrol	2	2	6	2	gearbox	180-310 l		5,7 s	rear	55 l	6,8 l/100km	250 km/h	355 kg		dohc	petrol	1997 cc	180 KW	350 Nm
http://www.cars-data.com//en/bmw-z4-roadster-sdrive28i-specs/8607	BMW Z4 Roadster sDrive28i	BMW Z4 Roadster	BMW	55.889	F	cabriolet	4239	1291 mm	1790 mm	1395 kg	1395 kg	159 g/km	2011	petrol	2	2	8	2	gearbox	180-310 l		5,7 s	rear	55 l	6,8 l/100km	250 km/h	355 kg		dohc	petrol	1997 cc	180 KW	350 Nm
http://www.cars-data.com//en/bmw-z4-roadster-sdrive28i-specs/8606	BMW Z4 Roadster sDrive28i	BMW Z4 Roadster	BMW	53.500	F	cabriolet	4239	1291 mm	1790 mm	1375 kg	1375 kg	159 g/km	2011	petrol	2	2	6	2	gearbox	180-310 l		5,7 s	rear	55 l	6,8 l/100km	250 km/h	355 kg		dohc	petrol	1997 cc	180 KW	350 Nm
http://www.cars-data.com//en/bmw-z4-roadster-sdrive20i-specs/8597	BMW Z4 Roadster sDrive20i	BMW Z4 Roadster	BMW	49.380	F	cabriolet	4239	1291 mm	1790 mm	1395 kg	1395 kg	159 g/km	2011	petrol	2	2	8	2	gearbox	180-310 l		7,2 s	rear	55 l	6,8 l/100km	232 km/h	355 kg		dohc	petrol	1997 cc	135 KW	270 Nm
http://www.cars-data.com//en/bmw-z4-roadster-sdrive35is-specs/8622	BMW Z4 Roadster sDrive35is	BMW Z4 Roadster	BMW	77.500	G	cabriolet	4239	1291 mm	1790 mm	1500 kg	1500 kg	210 g/km	2010	petrol	2	2	7	2	gearbox	180-310 l		4,8 s	rear	55 l	9,0 l/100km	250 km/h	355 kg		dohc	petrol	2979 cc	250 KW	450 Nm
http://www.cars-data.com//en/bmw-z4-roadster-sdrive35is-executive-specs/8623	BMW Z4 Roadster sDrive35is Executive	BMW Z4 Roadster	BMW	81.975	G	cabriolet	4239	1291 mm	1790 mm	1500 kg	1500 kg	210 g/km	2010	petrol	2	2	7	2	gearbox	180-310 l		4,8 s	rear	55 l	9,0 l/100km	250 km/h	355 kg		dohc	petrol	2979 cc	250 KW	450 Nm
http://www.cars-data.com//en/peugeot-504-gr-1.8-specs/78148	Peugeot 504 GR 1.8	Peugeot 504	Peugeot	10.221	-	sedan	4490	1460 mm	1690 mm	1081 kg	1081 kg	- g/km	1979	petrol	2	4	4	5	gearbox	459 l	- kg	15,8 s	rear	56 l	9,1 l/100km	156 km/h	559 kg	1100 kg	ohc	petrol	1796 cc	58 KW	140 Nm
http://www.cars-data.com//en/peugeot-504-sr-1.8-specs/78149	Peugeot 504 SR 1.8	Peugeot 504	Peugeot	10.736	-	sedan	4490	1460 mm	1690 mm	1081 kg	1081 kg	- g/km	1979	petrol	2	4	4	5	gearbox	459 l	- kg	15,8 s	rear	56 l	9,1 l/100km	156 km/h	559 kg	1100 kg	ohc	petrol	1796 cc	58 KW	140 Nm
http://www.cars-data.com//en/peugeot-504-grd-2.1-specs/78150	Peugeot 504 GRD 2.1	Peugeot 504	Peugeot	11.753	-	sedan	4490	1460 mm	1690 mm	1210 kg	1210 kg	- g/km	1979	diesel	2	4	4	5	gearbox	459 l	- kg	22,8 s	rear	56 l	8,4 l/100km	135 km/h	480 kg	1100 kg	ohc	diesel	2112 cc	41 KW	111 Nm
http://www.cars-data.com//en/peugeot-504-srd-2.1-specs/78151	Peugeot 504 SRD 2.1	Peugeot 504	Peugeot	12.933	-	sedan	4490	1460 mm	1690 mm	1210 kg	1210 kg	- g/km	1979	diesel	2	4	4	5	gearbox	459 l	- kg	22,8 s	rear	56 l	8,4 l/100km	135 km/h	480 kg	1100 kg	ohc	diesel	2112 cc	41 KW	111 Nm
http://www.cars-data.com//en/peugeot-504-grd-2.3-specs/78152	Peugeot 504 GRD 2.3	Peugeot 504	Peugeot	12.057	-	sedan	4490	1460 mm	1690 mm	1178 kg	1178 kg	- g/km	1980	diesel	2	4	4	5	gearbox	459 l	- kg	- s	rear	56 l	7,7 l/100km	144 km/h	512 kg	1100 kg	ohc	diesel	2304 cc	51 KW	120 Nm
http://www.cars-data.com//en/peugeot-504-srd-2.3-specs/78153	Peugeot 504 SRD 2.3	Peugeot 504	Peugeot	13.098	-	sedan	4490	1460 mm	1690 mm	1178 kg	1178 kg	- g/km	1980	diesel	2	4	4	5	gearbox	459 l	- kg	- s	rear	56 l	7,7 l/100km	144 km/h	512 kg	1100 kg	ohc	diesel	2304 cc	51 KW	120 Nm
http://www.cars-data.com//en/bmw-330d-touring-specs/6198	BMW 330d touring	BMW 3-serie touring	BMW	49.295	G	stationwagon	4478	1409 mm	1739 mm	1600 kg	1600 kg	216 g/km	2001	diesel	2	5	5	5	gearbox	435-1345 l	75 kg	8,3 s	rear	63 l	8,1 l/100km	225 km/h	565 kg	1800 kg	dohc	diesel	2926 cc	135 KW	390 Nm
http://www.cars-data.com//en/bmw-330d-touring-specs/6197	BMW 330d touring	BMW 3-serie touring	BMW	46.900	G	stationwagon	4478	1409 mm	1739 mm	1590 kg	1590 kg	186 g/km	2001	diesel	2	5	5	5	gearbox	435-1345 l	75 kg	7,9 s	rear	63 l	7,0 l/100km	225 km/h	540 kg	1800 kg	dohc	diesel	2926 cc	135 KW	390 Nm
http://www.cars-data.com//en/bmw-330d-touring-executive-specs/6199	BMW 330d touring Executive	BMW 3-serie touring	BMW	50.700	G	stationwagon	4478	1409 mm	1739 mm	1590 kg	1590 kg	186 g/km	2001	diesel	2	5	5	5	gearbox	435-1345 l	75 kg	7,9 s	rear	63 l	7,0 l/100km	225 km/h	540 kg	1800 kg	dohc	diesel	2926 cc	135 KW	390 Nm
http://www.cars-data.com//en/bmw-330d-touring-executive-specs/6200	BMW 330d touring Executive	BMW 3-serie touring	BMW	53.095	G	stationwagon	4478	1409 mm	1739 mm	1600 kg	1600 kg	216 g/km	2001	diesel	2	5	5	5	gearbox	435-1345 l	75 kg	8,3 s	rear	63 l	8,1 l/100km	225 km/h	565 kg	1800 kg	dohc	diesel	2926 cc	135 KW	390 Nm
http://www.cars-data.com//en/bmw-330xd-touring-specs/6201	BMW 330xd touring	BMW 3-serie touring	BMW	50.600	G	stationwagon	4478	1409 mm	1739 mm	1670 kg	1670 kg	207 g/km	2001	diesel	2	5	5	5	gearbox	435-1345 l	75 kg	8,7 s	front+rear	63 l	7,8 l/100km	221 km/h	525 kg	1800 kg	dohc	diesel	2926 cc	135 KW	390 Nm
http://www.cars-data.com//en/bmw-330xd-touring-specs/6202	BMW 330xd touring	BMW 3-serie touring	BMW	52.995	G	stationwagon	4478	1409 mm	1739 mm	1685 kg	1685 kg	236 g/km	2001	diesel	2	5	5	5	gearbox	435-1345 l	75 kg	8,9 s	front+rear	63 l	8,9 l/100km	221 km/h	525 kg	1800 kg	dohc	diesel	2926 cc	135 KW	390 Nm
http://www.cars-data.com//en/bmw-330xd-touring-executive-specs/6203	BMW 330xd touring Executive	BMW 3-serie touring	BMW	54.400	G	stationwagon	4478	1409 mm	1739 mm	1670 kg	1670 kg	207 g/km	2001	diesel	2	5	5	5	gearbox	435-1345 l	75 kg	8,7 s	front+rear	63 l	7,8 l/100km	221 km/h	525 kg	1800 kg	dohc	diesel	2926 cc	135 KW	390 Nm
http://www.cars-data.com//en/bmw-330xd-touring-executive-specs/6204	BMW 330xd touring Executive	BMW 3-serie touring	BMW	56.795	G	stationwagon	4478	1409 mm	1739 mm	1685 kg	1685 kg	236 g/km	2001	diesel	2	5	5	5	gearbox	435-1345 l	75 kg	8,9 s	front+rear	63 l	8,9 l/100km	221 km/h	525 kg	1800 kg	dohc	diesel	2926 cc	135 KW	390 Nm
http://www.cars-data.com//en/bmw-318i-touring-specs/6140	BMW 318i touring	BMW 3-serie touring	BMW	38.945	G	stationwagon	4478	1409 mm	1739 mm	1390 kg	1390 kg	199 g/km	2001	petrol	2	5	5	5	gearbox	435-1345 l	75 kg	10,5 s	rear	63 l	8,2 l/100km	209 km/h	565 kg	1500 kg	dohc	petrol	1995 cc	105 KW	200 Nm
http://www.cars-data.com//en/bmw-320d-touring-executive-specs/6194	BMW 320d touring Executive	BMW 3-serie touring	BMW	46.195	G	stationwagon	4478	1409 mm	1739 mm	1500 kg	1500 kg	190 g/km	2001	diesel	2	5	5	5	gearbox	435-1345 l	75 kg	9,5 s	rear	63 l	7,1 l/100km	208 km/h	525 kg	1600 kg	dohc	diesel	1995 cc	110 KW	330 Nm
http://www.cars-data.com//en/bmw-318i-touring-executive-specs/6141	BMW 318i touring Executive	BMW 3-serie touring	BMW	39.300	G	stationwagon	4478	1409 mm	1739 mm	1370 kg	1370 kg	179 g/km	2001	petrol	2	5	5	5	gearbox	435-1345 l	75 kg	9,6 s	rear	63 l	7,4 l/100km	213 km/h	565 kg	1400 kg	dohc	petrol	1995 cc	105 KW	200 Nm
http://www.cars-data.com//en/bmw-318i-touring-specs/6139	BMW 318i touring	BMW 3-serie touring	BMW	36.450	G	stationwagon	4478	1409 mm	1739 mm	1370 kg	1370 kg	179 g/km	2001	petrol	2	5	5	5	gearbox	435-1345 l	75 kg	9,6 s	rear	63 l	7,4 l/100km	213 km/h	565 kg	1400 kg	dohc	petrol	1995 cc	105 KW	200 Nm
http://www.cars-data.com//en/bmw-318i-touring-executive-specs/6142	BMW 318i touring Executive	BMW 3-serie touring	BMW	41.795	G	stationwagon	4478	1409 mm	1739 mm	1390 kg	1390 kg	199 g/km	2001	petrol	2	5	5	5	gearbox	435-1345 l	75 kg	10,5 s	rear	63 l	8,2 l/100km	209 km/h	565 kg	1500 kg	dohc	petrol	1995 cc	105 KW	200 Nm
http://www.cars-data.com//en/bmw-320i-touring-specs/6145	BMW 320i touring	BMW 3-serie touring	BMW	41.300	G	stationwagon	4478	1409 mm	1739 mm	1420 kg	1420 kg	216 g/km	2001	petrol	2	5	5	5	gearbox	435-1345 l	75 kg	8,5 s	rear	63 l	9,0 l/100km	224 km/h	565 kg	1600 kg	dohc	petrol	2171 cc	125 KW	210 Nm
http://www.cars-data.com//en/bmw-320i-touring-specs/6146	BMW 320i touring	BMW 3-serie touring	BMW	43.795	G	stationwagon	4478	1409 mm	1739 mm	1455 kg	1455 kg	230 g/km	2001	petrol	2	5	5	5	gearbox	435-1345 l	75 kg	9,6 s	rear	63 l	9,6 l/100km	221 km/h	565 kg	1600 kg	dohc	petrol	2171 cc	125 KW	210 Nm
http://www.cars-data.com//en/bmw-320i-touring-executive-specs/6147	BMW 320i touring Executive	BMW 3-serie touring	BMW	44.200	G	stationwagon	4478	1409 mm	1739 mm	1420 kg	1420 kg	216 g/km	2001	petrol	2	5	5	5	gearbox	435-1345 l	75 kg	8,5 s	rear	63 l	9,0 l/100km	224 km/h	565 kg	1600 kg	dohc	petrol	2171 cc	125 KW	210 Nm
http://www.cars-data.com//en/bmw-325xi-touring-executive-specs/6159	BMW 325xi touring Executive	BMW 3-serie touring	BMW	50.100	G	stationwagon	4478	1409 mm	1739 mm	1550 kg	1550 kg	245 g/km	2001	petrol	2	5	5	5	gearbox	435-1345 l	75 kg	7,7 s	front+rear	63 l	10,1 l/100km	231 km/h	525 kg	1700 kg	dohc	petrol	2494 cc	141 KW	245 Nm
http://www.cars-data.com//en/bmw-325xi-touring-executive-specs/6160	BMW 325xi touring Executive	BMW 3-serie touring	BMW	52.595	G	stationwagon	4478	1409 mm	1739 mm	1580 kg	1580 kg	264 g/km	2001	petrol	2	5	5	5	gearbox	435-1345 l	75 kg	8,8 s	front+rear	63 l	10,9 l/100km	228 km/h	525 kg	1600 kg	dohc	petrol	2494 cc	141 KW	245 Nm
http://www.cars-data.com//en/bmw-330i-touring-specs/6163	BMW 330i touring	BMW 3-serie touring	BMW	48.200	G	stationwagon	4478	1409 mm	1739 mm	1475 kg	1475 kg	222 g/km	2001	petrol	2	5	5	5	gearbox	435-1345 l	75 kg	6,7 s	rear	63 l	9,3 l/100km	250 km/h	565 kg	1700 kg	dohc	petrol	2979 cc	170 KW	300 Nm
http://www.cars-data.com//en/bmw-330xi-touring-executive-specs/6176	BMW 330xi touring Executive	BMW 3-serie touring	BMW	58.795	G	stationwagon	4478	1409 mm	1739 mm	1610 kg	1610 kg	264 g/km	2001	petrol	2	5	5	5	gearbox	435-1345 l	75 kg	7,6 s	front+rear	63 l	10,9 l/100km	238 km/h	525 kg	1800 kg	dohc	petrol	2979 cc	170 KW	300 Nm
http://www.cars-data.com//en/bmw-330i-touring-specs/6165	BMW 330i touring	BMW 3-serie touring	BMW	52.345	G	stationwagon	4478	1409 mm	1739 mm	1510 kg	1510 kg	235 g/km	2001	petrol	2	5	5	5	gearbox	435-1345 l	75 kg	7,2 s	rear	63 l	9,8 l/100km	243 km/h	525 kg	1700 kg	dohc	petrol	2979 cc	170 KW	300 Nm
http://www.cars-data.com//en/bmw-330xi-touring-executive-specs/6174	BMW 330xi touring Executive	BMW 3-serie touring	BMW	55.700	G	stationwagon	4478	1409 mm	1739 mm	1570 kg	1570 kg	234 g/km	2001	petrol	2	5	5	5	gearbox	435-1345 l	75 kg	6,7 s	front+rear	63 l	9,8 l/100km	243 km/h	525 kg	1800 kg	dohc	petrol	2979 cc	170 KW	300 Nm
http://www.cars-data.com//en/bmw-330i-touring-executive-specs/6166	BMW 330i touring Executive	BMW 3-serie touring	BMW	52.000	G	stationwagon	4478	1409 mm	1739 mm	1475 kg	1475 kg	222 g/km	2001	petrol	2	5	5	5	gearbox	435-1345 l	75 kg	6,7 s	rear	63 l	9,3 l/100km	250 km/h	565 kg	1700 kg	dohc	petrol	2979 cc	170 KW	300 Nm
http://www.cars-data.com//en/bmw-330xi-touring-specs/6171	BMW 330xi touring	BMW 3-serie touring	BMW	51.900	G	stationwagon	4478	1409 mm	1739 mm	1570 kg	1570 kg	234 g/km	2001	petrol	2	5	5	5	gearbox	435-1345 l	75 kg	6,7 s	front+rear	63 l	9,8 l/100km	243 km/h	525 kg	1800 kg	dohc	petrol	2979 cc	170 KW	300 Nm
http://www.cars-data.com//en/bmw-325xi-touring-specs/6158	BMW 325xi touring	BMW 3-serie touring	BMW	49.745	G	stationwagon	4478	1409 mm	1739 mm	1580 kg	1580 kg	264 g/km	2001	petrol	2	5	5	5	gearbox	435-1345 l	75 kg	8,8 s	front+rear	63 l	10,9 l/100km	228 km/h	525 kg	1600 kg	dohc	petrol	2494 cc	141 KW	245 Nm
http://www.cars-data.com//en/bmw-325xi-touring-specs/6157	BMW 325xi touring	BMW 3-serie touring	BMW	47.250	G	stationwagon	4478	1409 mm	1739 mm	1550 kg	1550 kg	245 g/km	2001	petrol	2	5	5	5	gearbox	435-1345 l	75 kg	7,7 s	front+rear	63 l	10,1 l/100km	231 km/h	525 kg	1700 kg	dohc	petrol	2494 cc	141 KW	245 Nm
http://www.cars-data.com//en/bmw-330xi-touring-specs/6173	BMW 330xi touring	BMW 3-serie touring	BMW	55.645	G	stationwagon	4478	1409 mm	1739 mm	1610 kg	1610 kg	264 g/km	2001	petrol	2	5	5	5	gearbox	435-1345 l	75 kg	7,6 s	front+rear	63 l	10,9 l/100km	238 km/h	525 kg	1800 kg	dohc	petrol	2979 cc	170 KW	300 Nm
http://www.cars-data.com//en/bmw-320i-touring-executive-specs/6148	BMW 320i touring Executive	BMW 3-serie touring	BMW	46.695	G	stationwagon	4478	1409 mm	1739 mm	1455 kg	1455 kg	230 g/km	2001	petrol	2	5	5	5	gearbox	435-1345 l	75 kg	9,6 s	rear	63 l	9,6 l/100km	221 km/h	565 kg	1600 kg	dohc	petrol	2171 cc	125 KW	210 Nm
http://www.cars-data.com//en/bmw-320d-touring-executive-specs/6192	BMW 320d touring Executive	BMW 3-serie touring	BMW	42.800	G	stationwagon	4478	1409 mm	1739 mm	1480 kg	1480 kg	153 g/km	2001	diesel	2	5	5	5	gearbox	435-1345 l	75 kg	9,3 s	rear	63 l	5,7 l/100km	211 km/h	525 kg	1600 kg	dohc	diesel	1995 cc	110 KW	330 Nm
http://www.cars-data.com//en/bmw-320d-touring-specs/6191	BMW 320d touring	BMW 3-serie touring	BMW	43.895	G	stationwagon	4478	1409 mm	1739 mm	1500 kg	1500 kg	190 g/km	2001	diesel	2	5	5	5	gearbox	435-1345 l	75 kg	9,5 s	rear	63 l	7,1 l/100km	208 km/h	525 kg	1600 kg	dohc	diesel	1995 cc	110 KW	330 Nm
http://www.cars-data.com//en/bmw-325i-touring-specs/6151	BMW 325i touring	BMW 3-serie touring	BMW	43.950	G	stationwagon	4478	1409 mm	1739 mm	1445 kg	1445 kg	221 g/km	2001	petrol	2	5	5	5	gearbox	435-1345 l	75 kg	7,5 s	rear	63 l	9,2 l/100km	237 km/h	565 kg	1600 kg	dohc	petrol	2494 cc	141 KW	245 Nm
http://www.cars-data.com//en/bmw-320d-touring-specs/6189	BMW 320d touring	BMW 3-serie touring	BMW	39.500	G	stationwagon	4478	1409 mm	1739 mm	1480 kg	1480 kg	153 g/km	2001	diesel	2	5	5	5	gearbox	435-1345 l	75 kg	9,3 s	rear	63 l	5,7 l/100km	211 km/h	525 kg	1600 kg	dohc	diesel	1995 cc	110 KW	330 Nm
http://www.cars-data.com//en/bmw-325i-touring-specs/6152	BMW 325i touring	BMW 3-serie touring	BMW	46.445	G	stationwagon	4478	1409 mm	1739 mm	1480 kg	1480 kg	232 g/km	2001	petrol	2	5	5	5	gearbox	435-1345 l	75 kg	8,6 s	rear	63 l	9,7 l/100km	234 km/h	565 kg	1600 kg	dohc	petrol	2494 cc	141 KW	245 Nm
http://www.cars-data.com//en/bmw-325i-touring-executive-specs/6153	BMW 325i touring Executive	BMW 3-serie touring	BMW	46.800	G	stationwagon	4478	1409 mm	1739 mm	1445 kg	1445 kg	221 g/km	2001	petrol	2	5	5	5	gearbox	435-1345 l	75 kg	7,5 s	rear	63 l	9,2 l/100km	237 km/h	565 kg	1600 kg	dohc	petrol	2494 cc	141 KW	245 Nm
http://www.cars-data.com//en/bmw-325i-touring-executive-specs/6154	BMW 325i touring Executive	BMW 3-serie touring	BMW	49.295	G	stationwagon	4478	1409 mm	1739 mm	1480 kg	1480 kg	232 g/km	2001	petrol	2	5	5	5	gearbox	435-1345 l	75 kg	8,6 s	rear	63 l	9,7 l/100km	234 km/h	565 kg	1600 kg	dohc	petrol	2494 cc	141 KW	245 Nm
http://www.cars-data.com//en/bmw-330i-touring-executive-specs/6168	BMW 330i touring Executive	BMW 3-serie touring	BMW	55.495	G	stationwagon	4478	1409 mm	1739 mm	1510 kg	1510 kg	235 g/km	2001	petrol	2	5	5	5	gearbox	435-1345 l	75 kg	7,2 s	rear	63 l	9,8 l/100km	243 km/h	525 kg	1700 kg	dohc	petrol	2979 cc	170 KW	300 Nm
http://www.cars-data.com//en/bmw-330i-touring-edition-specs/6170	BMW 330i touring Edition	BMW 3-serie touring	BMW	56.795	G	stationwagon	4478	1409 mm	1739 mm	1510 kg	1510 kg	235 g/km	2004	petrol	2	5	5	5	gearbox	435-1345 l	75 kg	7,2 s	rear	63 l	9,8 l/100km	243 km/h	525 kg	1700 kg	dohc	petrol	2979 cc	170 KW	300 Nm
http://www.cars-data.com//en/bmw-330xd-touring-edition-specs/6216	BMW 330xd touring Edition	BMW 3-serie touring	BMW	59.895	G	stationwagon	4478	1409 mm	1739 mm	1700 kg	1700 kg	238 g/km	2004	diesel	2	5	5	5	gearbox	435-1345 l	75 kg	8,1 s	front+rear	63 l	8,9 l/100km	225 km/h	525 kg	1800 kg	dohc	diesel	2993 cc	150 KW	410 Nm
http://www.cars-data.com//en/bmw-320i-touring-edition-specs/6149	BMW 320i touring Edition	BMW 3-serie touring	BMW	45.450	G	stationwagon	4478	1409 mm	1739 mm	1420 kg	1420 kg	216 g/km	2004	petrol	2	5	5	5	gearbox	435-1345 l	75 kg	8,5 s	rear	63 l	9,0 l/100km	224 km/h	565 kg	1600 kg	dohc	petrol	2171 cc	125 KW	210 Nm
http://www.cars-data.com//en/bmw-320i-touring-edition-specs/6150	BMW 320i touring Edition	BMW 3-serie touring	BMW	47.945	G	stationwagon	4478	1409 mm	1739 mm	1455 kg	1455 kg	230 g/km	2004	petrol	2	5	5	5	gearbox	435-1345 l	75 kg	9,6 s	rear	63 l	9,6 l/100km	221 km/h	565 kg	1600 kg	dohc	petrol	2171 cc	125 KW	210 Nm
http://www.cars-data.com//en/bmw-318d-touring-edition-specs/6188	BMW 318d touring Edition	BMW 3-serie touring	BMW	45.245	N.A.	stationwagon	4478	1409 mm	1739 mm	1485 kg	1485 kg		2004	diesel	2	5	5	5	gearbox	435-1345 l	75 kg	11,7 s	rear	63 l	6,9 l/100km	195 km/h	525 kg	1600 kg	dohc	diesel	1951 cc	85 KW	265 Nm
http://www.cars-data.com//en/bmw-318d-touring-edition-specs/6187	BMW 318d touring Edition	BMW 3-serie touring	BMW	42.750	G	stationwagon	4478	1409 mm	1739 mm	1455 kg	1455 kg	155 g/km	2004	diesel	2	5	5	5	gearbox	435-1345 l	75 kg	11,1 s	rear	63 l	5,9 l/100km	200 km/h	525 kg	1600 kg	dohc	diesel	1951 cc	85 KW	265 Nm
http://www.cars-data.com//en/bmw-325i-touring-edition-specs/6155	BMW 325i touring Edition	BMW 3-serie touring	BMW	48.100	G	stationwagon	4478	1409 mm	1739 mm	1445 kg	1445 kg	221 g/km	2004	petrol	2	5	5	5	gearbox	435-1345 l	75 kg	7,5 s	rear	63 l	9,2 l/100km	237 km/h	565 kg	1600 kg	dohc	petrol	2494 cc	141 KW	245 Nm
http://www.cars-data.com//en/bmw-325i-touring-edition-specs/6156	BMW 325i touring Edition	BMW 3-serie touring	BMW	50.595	G	stationwagon	4478	1409 mm	1739 mm	1480 kg	1480 kg	232 g/km	2004	petrol	2	5	5	5	gearbox	435-1345 l	75 kg	8,6 s	rear	63 l	9,7 l/100km	234 km/h	565 kg	1600 kg	dohc	petrol	2494 cc	141 KW	245 Nm
http://www.cars-data.com//en/bmw-318d-touring-black-silverline-specs/6182	BMW 318d touring Black & Silverline	BMW 3-serie touring	BMW	39.845	N.A.	stationwagon	4478	1409 mm	1739 mm	1485 kg	1485 kg		2004	diesel	2	5	5	5	gearbox	435-1345 l	75 kg	11,7 s	rear	63 l	6,9 l/100km	195 km/h	525 kg	1600 kg	dohc	diesel	1951 cc	85 KW	265 Nm
http://www.cars-data.com//en/bmw-318d-touring-black-silverline-specs/6181	BMW 318d touring Black & Silverline	BMW 3-serie touring	BMW	37.350	G	stationwagon	4478	1409 mm	1739 mm	1455 kg	1455 kg	155 g/km	2004	diesel	2	5	5	5	gearbox	435-1345 l	75 kg	11,1 s	rear	63 l	5,9 l/100km	200 km/h	525 kg	1600 kg	dohc	diesel	1951 cc	85 KW	265 Nm
http://www.cars-data.com//en/bmw-330i-touring-edition-specs/6169	BMW 330i touring Edition	BMW 3-serie touring	BMW	54.300	G	stationwagon	4478	1409 mm	1739 mm	1475 kg	1475 kg	222 g/km	2004	petrol	2	5	6	5	gearbox	435-1345 l	75 kg	6,7 s	rear	63 l	9,3 l/100km	250 km/h	525 kg	1700 kg	dohc	petrol	2979 cc	170 KW	300 Nm
http://www.cars-data.com//en/bmw-325xi-touring-edition-specs/6161	BMW 325xi touring Edition	BMW 3-serie touring	BMW	51.400	G	stationwagon	4478	1409 mm	1739 mm	1550 kg	1550 kg	245 g/km	2004	petrol	2	5	5	5	gearbox	435-1345 l	75 kg	7,7 s	front+rear	63 l	10,1 l/100km	231 km/h	525 kg	1700 kg	dohc	petrol	2494 cc	141 KW	245 Nm
http://www.cars-data.com//en/bmw-325xi-touring-edition-specs/6162	BMW 325xi touring Edition	BMW 3-serie touring	BMW	53.895	G	stationwagon	4478	1409 mm	1739 mm	1580 kg	1580 kg	264 g/km	2004	petrol	2	5	5	5	gearbox	435-1345 l	75 kg	8,8 s	front+rear	63 l	10,9 l/100km	228 km/h	525 kg	1600 kg	dohc	petrol	2494 cc	141 KW	245 Nm
http://www.cars-data.com//en/bmw-330xi-touring-edition-specs/6178	BMW 330xi touring Edition	BMW 3-serie touring	BMW	60.095	G	stationwagon	4478	1409 mm	1739 mm	1610 kg	1610 kg	264 g/km	2004	petrol	2	5	5	5	gearbox	435-1345 l	75 kg	7,6 s	front+rear	63 l	10,9 l/100km	238 km/h	525 kg	1800 kg	dohc	petrol	2979 cc	170 KW	300 Nm
http://www.cars-data.com//en/bmw-330xi-touring-edition-specs/6177	BMW 330xi touring Edition	BMW 3-serie touring	BMW	57.600	G	stationwagon	4478	1409 mm	1739 mm	1585 kg	1585 kg	245 g/km	2004	petrol	2	5	6	5	gearbox	435-1345 l	75 kg	6,8 s	front+rear	63 l	10,1 l/100km	243 km/h	525 kg	1800 kg	dohc	petrol	2979 cc	170 KW	300 Nm
http://www.cars-data.com//en/bmw-320d-touring-edition-specs/6195	BMW 320d touring Edition	BMW 3-serie touring	BMW	45.350	G	stationwagon	4478	1409 mm	1739 mm	1480 kg	1480 kg	158 g/km	2004	diesel	2	5	6	5	gearbox	435-1345 l	75 kg	9,2 s	rear	63 l	5,9 l/100km	216 km/h	525 kg	1600 kg	dohc	diesel	1995 cc	110 KW	330 Nm
http://www.cars-data.com//en/bmw-320d-touring-edition-specs/6196	BMW 320d touring Edition	BMW 3-serie touring	BMW	47.845	G	stationwagon	4478	1409 mm	1739 mm	1500 kg	1500 kg	190 g/km	2004	diesel	2	5	5	5	gearbox	435-1345 l	75 kg	9,5 s	rear	63 l	7,1 l/100km	208 km/h	525 kg	1600 kg	dohc	diesel	1995 cc	110 KW	330 Nm
http://www.cars-data.com//en/bmw-318i-touring-edition-specs/6144	BMW 318i touring Edition	BMW 3-serie touring	BMW	42.895	G	stationwagon	4478	1409 mm	1739 mm	1390 kg	1390 kg	199 g/km	2004	petrol	2	5	5	5	gearbox	435-1345 l	75 kg	10,5 s	rear	63 l	8,2 l/100km	209 km/h	565 kg	1500 kg	dohc	petrol	1995 cc	105 KW	200 Nm
http://www.cars-data.com//en/bmw-330d-touring-edition-specs/6210	BMW 330d touring Edition	BMW 3-serie touring	BMW	56.595	G	stationwagon	4478	1409 mm	1739 mm	1600 kg	1600 kg	211 g/km	2004	diesel	2	5	5	5	gearbox	435-1345 l	75 kg	7,8 s	rear	63 l	7,9 l/100km	231 km/h	565 kg	1800 kg	dohc	diesel	2993 cc	150 KW	410 Nm
http://www.cars-data.com//en/bmw-316i-touring-edition-specs/6137	BMW 316i touring Edition	BMW 3-serie touring	BMW	37.800	G	stationwagon	4478	1409 mm	1739 mm	1365 kg	1365 kg	177 g/km	2004	petrol	2	5	5	5	gearbox	435-1345 l	75 kg	11,2 s	rear	63 l	7,3 l/100km	200 km/h	565 kg	1250 kg	dohc	petrol	1796 cc	85 KW	175 Nm
http://www.cars-data.com//en/bmw-316i-touring-edition-specs/6138	BMW 316i touring Edition	BMW 3-serie touring	BMW	40.295	G	stationwagon	4478	1409 mm	1739 mm	1395 kg	1395 kg	196 g/km	2004	petrol	2	5	5	5	gearbox	435-1345 l	75 kg	12,2 s	rear	63 l	8,1 l/100km	194 km/h	565 kg	1400 kg	dohc	petrol	1796 cc	85 KW	175 Nm
http://www.cars-data.com//en/bmw-316i-touring-black-silverline-specs/6132	BMW 316i touring Black & Silverline	BMW 3-serie touring	BMW	34.790	G	stationwagon	4478	1409 mm	1739 mm	1395 kg	1395 kg	196 g/km	2004	petrol	2	5	5	5	gearbox	435-1345 l	75 kg	12,2 s	rear	63 l	8,1 l/100km	194 km/h	565 kg	1400 kg	dohc	petrol	1796 cc	85 KW	175 Nm
http://www.cars-data.com//en/bmw-316i-touring-black-silverline-specs/6131	BMW 316i touring Black & Silverline	BMW 3-serie touring	BMW	32.295	G	stationwagon	4478	1409 mm	1739 mm	1365 kg	1365 kg	177 g/km	2004	petrol	2	5	5	5	gearbox	435-1345 l	75 kg	11,2 s	rear	63 l	7,3 l/100km	200 km/h	565 kg	1250 kg	dohc	petrol	1796 cc	85 KW	175 Nm
http://www.cars-data.com//en/bmw-330xd-touring-edition-specs/6215	BMW 330xd touring Edition	BMW 3-serie touring	BMW	57.400	G	stationwagon	4478	1409 mm	1739 mm	1680 kg	1680 kg	209 g/km	2004	diesel	2	5	6	5	gearbox	435-1345 l	75 kg	7,9 s	front+rear	63 l	7,8 l/100km	230 km/h	525 kg	1800 kg	dohc	diesel	2993 cc	150 KW	410 Nm
http://www.cars-data.com//en/bmw-318i-touring-edition-specs/6143	BMW 318i touring Edition	BMW 3-serie touring	BMW	40.400	G	stationwagon	4478	1409 mm	1739 mm	1370 kg	1370 kg	179 g/km	2004	petrol	2	5	5	5	gearbox	435-1345 l	75 kg	9,6 s	rear	63 l	7,4 l/100km	213 km/h	565 kg	1400 kg	dohc	petrol	1995 cc	105 KW	200 Nm
http://www.cars-data.com//en/bmw-330d-touring-edition-specs/6209	BMW 330d touring Edition	BMW 3-serie touring	BMW	54.100	G	stationwagon	4478	1409 mm	1739 mm	1590 kg	1590 kg	182 g/km	2004	diesel	2	5	6	5	gearbox	435-1345 l	75 kg	7,6 s	rear	63 l	6,8 l/100km	237 km/h	565 kg	1800 kg	dohc	diesel	2993 cc	150 KW	410 Nm
http://www.cars-data.com//en/bmw-330xd-touring-executive-specs/6214	BMW 330xd touring Executive	BMW 3-serie touring	BMW	58.095	G	stationwagon	4478	1409 mm	1739 mm	1700 kg	1700 kg	238 g/km	2003	diesel	2	5	5	5	gearbox	435-1345 l	75 kg	8,1 s	front+rear	63 l	8,9 l/100km	225 km/h	525 kg	1800 kg	dohc	diesel	2993 cc	150 KW	410 Nm
http://www.cars-data.com//en/bmw-330xi-touring-executive-specs/6175	BMW 330xi touring Executive	BMW 3-serie touring	BMW	56.300	G	stationwagon	4478	1409 mm	1739 mm	1585 kg	1585 kg	245 g/km	2003	petrol	2	5	6	5	gearbox	435-1345 l	75 kg	6,8 s	front+rear	63 l	10,1 l/100km	243 km/h	525 kg	1800 kg	dohc	petrol	2979 cc	170 KW	300 Nm
http://www.cars-data.com//en/bmw-318d-touring-specs/6184	BMW 318d touring	BMW 3-serie touring	BMW	41.095	N.A.	stationwagon	4478	1409 mm	1739 mm	1485 kg	1485 kg		2003	diesel	2	5	5	5	gearbox	435-1345 l	75 kg	11,7 s	rear	63 l	6,9 l/100km	195 km/h	525 kg	1600 kg	dohc	diesel	1951 cc	85 KW	265 Nm
http://www.cars-data.com//en/bmw-330xi-touring-specs/6172	BMW 330xi touring	BMW 3-serie touring	BMW	53.150	G	stationwagon	4478	1409 mm	1739 mm	1585 kg	1585 kg	245 g/km	2003	petrol	2	5	6	5	gearbox	435-1345 l	75 kg	6,8 s	front+rear	63 l	10,1 l/100km	243 km/h	525 kg	1800 kg	dohc	petrol	2979 cc	170 KW	300 Nm
http://www.cars-data.com//en/bmw-330xd-touring-executive-specs/6213	BMW 330xd touring Executive	BMW 3-serie touring	BMW	55.600	G	stationwagon	4478	1409 mm	1739 mm	1680 kg	1680 kg	209 g/km	2003	diesel	2	5	6	5	gearbox	435-1345 l	75 kg	7,9 s	front+rear	63 l	7,8 l/100km	230 km/h	525 kg	1800 kg	dohc	diesel	2993 cc	150 KW	410 Nm
http://www.cars-data.com//en/bmw-318d-touring-essence-specs/6179	BMW 318d touring Essence	BMW 3-serie touring	BMW	36.550	G	stationwagon	4478	1409 mm	1739 mm	1455 kg	1455 kg	155 g/km	2003	diesel	2	5	5	5	gearbox	435-1345 l	75 kg	11,1 s	rear	63 l	5,9 l/100km	200 km/h	525 kg	1600 kg	dohc	diesel	1951 cc	85 KW	265 Nm
http://www.cars-data.com//en/bmw-330xd-touring-specs/6211	BMW 330xd touring	BMW 3-serie touring	BMW	52.950	G	stationwagon	4478	1409 mm	1739 mm	1680 kg	1680 kg	209 g/km	2003	diesel	2	5	6	5	gearbox	435-1345 l	75 kg	7,9 s	front+rear	63 l	7,8 l/100km	230 km/h	525 kg	1800 kg	dohc	diesel	2993 cc	150 KW	410 Nm
http://www.cars-data.com//en/bmw-318d-touring-executive-specs/6186	BMW 318d touring Executive	BMW 3-serie touring	BMW	43.595	N.A.	stationwagon	4478	1409 mm	1739 mm	1485 kg	1485 kg		2003	diesel	2	5	5	5	gearbox	435-1345 l	75 kg	11,7 s	rear	63 l	6,9 l/100km	195 km/h	525 kg	1600 kg	dohc	diesel	1951 cc	85 KW	265 Nm
http://www.cars-data.com//en/bmw-330xd-touring-specs/6212	BMW 330xd touring	BMW 3-serie touring	BMW	55.445	G	stationwagon	4478	1409 mm	1739 mm	1700 kg	1700 kg	238 g/km	2003	diesel	2	5	5	5	gearbox	435-1345 l	75 kg	8,1 s	front+rear	63 l	8,9 l/100km	225 km/h	525 kg	1800 kg	dohc	diesel	2993 cc	150 KW	410 Nm
http://www.cars-data.com//en/bmw-330d-touring-executive-specs/6208	BMW 330d touring Executive	BMW 3-serie touring	BMW	54.795	G	stationwagon	4478	1409 mm	1739 mm	1600 kg	1600 kg	211 g/km	2003	diesel	2	5	5	5	gearbox	435-1345 l	75 kg	7,8 s	rear	63 l	7,9 l/100km	231 km/h	565 kg	1800 kg	dohc	diesel	2993 cc	150 KW	410 Nm
http://www.cars-data.com//en/bmw-320d-touring-specs/6190	BMW 320d touring	BMW 3-serie touring	BMW	41.400	G	stationwagon	4478	1409 mm	1739 mm	1480 kg	1480 kg	158 g/km	2003	diesel	2	5	6	5	gearbox	435-1345 l	75 kg	9,2 s	rear	63 l	5,9 l/100km	216 km/h	525 kg	1600 kg	dohc	diesel	1995 cc	110 KW	330 Nm
http://www.cars-data.com//en/bmw-330d-touring-executive-specs/6207	BMW 330d touring Executive	BMW 3-serie touring	BMW	52.300	G	stationwagon	4478	1409 mm	1739 mm	1590 kg	1590 kg	182 g/km	2003	diesel	2	5	6	5	gearbox	435-1345 l	75 kg	7,6 s	rear	63 l	6,8 l/100km	237 km/h	565 kg	1800 kg	dohc	diesel	2993 cc	150 KW	410 Nm
http://www.cars-data.com//en/bmw-330d-touring-specs/6206	BMW 330d touring	BMW 3-serie touring	BMW	52.145	G	stationwagon	4478	1409 mm	1739 mm	1600 kg	1600 kg	211 g/km	2003	diesel	2	5	5	5	gearbox	435-1345 l	75 kg	7,8 s	rear	63 l	7,9 l/100km	231 km/h	565 kg	1800 kg	dohc	diesel	2993 cc	150 KW	410 Nm
http://www.cars-data.com//en/bmw-320d-touring-executive-specs/6193	BMW 320d touring Executive	BMW 3-serie touring	BMW	43.700	G	stationwagon	4478	1409 mm	1739 mm	1480 kg	1480 kg	158 g/km	2003	diesel	2	5	6	5	gearbox	435-1345 l	75 kg	9,2 s	rear	63 l	5,9 l/100km	216 km/h	525 kg	1600 kg	dohc	diesel	1995 cc	110 KW	330 Nm
http://www.cars-data.com//en/bmw-318d-touring-essence-specs/6180	BMW 318d touring Essence	BMW 3-serie touring	BMW	39.045	N.A.	stationwagon	4478	1409 mm	1739 mm	1485 kg	1485 kg		2003	diesel	2	5	5	5	gearbox	435-1345 l	75 kg	11,7 s	rear	63 l	6,9 l/100km	195 km/h	525 kg	1600 kg	dohc	diesel	1951 cc	85 KW	265 Nm
http://www.cars-data.com//en/bmw-316i-touring-essence-specs/6129	BMW 316i touring Essence	BMW 3-serie touring	BMW	31.600	G	stationwagon	4478	1409 mm	1739 mm	1365 kg	1365 kg	177 g/km	2003	petrol	2	5	5	5	gearbox	435-1345 l	75 kg	11,2 s	rear	63 l	7,3 l/100km	200 km/h	565 kg	1250 kg	dohc	petrol	1796 cc	85 KW	175 Nm
http://www.cars-data.com//en/bmw-330i-touring-executive-specs/6167	BMW 330i touring Executive	BMW 3-serie touring	BMW	53.000	G	stationwagon	4478	1409 mm	1739 mm	1475 kg	1475 kg	222 g/km	2003	petrol	2	5	6	5	gearbox	435-1345 l	75 kg	6,7 s	rear	63 l	9,3 l/100km	250 km/h	525 kg	1700 kg	dohc	petrol	2979 cc	170 KW	300 Nm
http://www.cars-data.com//en/bmw-316i-touring-essence-specs/6130	BMW 316i touring Essence	BMW 3-serie touring	BMW	34.095	G	stationwagon	4478	1409 mm	1739 mm	1395 kg	1395 kg	196 g/km	2003	petrol	2	5	5	5	gearbox	435-1345 l	75 kg	12,2 s	rear	63 l	8,1 l/100km	194 km/h	565 kg	1400 kg	dohc	petrol	1796 cc	85 KW	175 Nm
http://www.cars-data.com//en/bmw-330d-touring-specs/6205	BMW 330d touring	BMW 3-serie touring	BMW	49.650	G	stationwagon	4478	1409 mm	1739 mm	1590 kg	1590 kg	182 g/km	2003	diesel	2	5	6	5	gearbox	435-1345 l	75 kg	7,6 s	rear	63 l	6,8 l/100km	237 km/h	565 kg	1800 kg	dohc	diesel	2993 cc	150 KW	410 Nm
http://www.cars-data.com//en/bmw-330i-touring-specs/6164	BMW 330i touring	BMW 3-serie touring	BMW	49.850	G	stationwagon	4478	1409 mm	1739 mm	1475 kg	1475 kg	222 g/km	2003	petrol	2	5	6	5	gearbox	435-1345 l	75 kg	6,7 s	rear	63 l	9,3 l/100km	250 km/h	525 kg	1700 kg	dohc	petrol	2979 cc	170 KW	300 Nm
http://www.cars-data.com//en/bmw-316i-touring-executive-specs/6135	BMW 316i touring Executive	BMW 3-serie touring	BMW	36.700	G	stationwagon	4478	1409 mm	1739 mm	1365 kg	1365 kg	177 g/km	2002	petrol	2	5	5	5	gearbox	435-1345 l	75 kg	11,2 s	rear	63 l	7,3 l/100km	200 km/h	565 kg	1250 kg	dohc	petrol	1796 cc	85 KW	175 Nm
http://www.cars-data.com//en/bmw-318d-touring-executive-specs/6185	BMW 318d touring Executive	BMW 3-serie touring	BMW	41.100	G	stationwagon	4478	1409 mm	1739 mm	1455 kg	1455 kg	155 g/km	2002	diesel	2	5	5	5	gearbox	435-1345 l	75 kg	11,1 s	rear	63 l	5,9 l/100km	200 km/h	525 kg	1600 kg	dohc	diesel	1951 cc	85 KW	265 Nm
http://www.cars-data.com//en/bmw-318d-touring-specs/6183	BMW 318d touring	BMW 3-serie touring	BMW	38.800	G	stationwagon	4478	1409 mm	1739 mm	1455 kg	1455 kg	155 g/km	2002	diesel	2	5	5	5	gearbox	435-1345 l	75 kg	11,1 s	rear	63 l	5,9 l/100km	200 km/h	525 kg	1600 kg	dohc	diesel	1951 cc	85 KW	265 Nm
http://www.cars-data.com//en/bmw-316i-touring-executive-specs/6136	BMW 316i touring Executive	BMW 3-serie touring	BMW	39.195	G	stationwagon	4478	1409 mm	1739 mm	1395 kg	1395 kg	196 g/km	2002	petrol	2	5	5	5	gearbox	435-1345 l	75 kg	12,2 s	rear	63 l	8,1 l/100km	194 km/h	565 kg	1400 kg	dohc	petrol	1796 cc	85 KW	175 Nm
http://www.cars-data.com//en/bmw-316i-touring-specs/6134	BMW 316i touring	BMW 3-serie touring	BMW	36.345	G	stationwagon	4478	1409 mm	1739 mm	1395 kg	1395 kg	196 g/km	2002	petrol	2	5	5	5	gearbox	435-1345 l	75 kg	12,2 s	rear	63 l	8,1 l/100km	194 km/h	565 kg	1400 kg	dohc	petrol	1796 cc	85 KW	175 Nm
http://www.cars-data.com//en/bmw-316i-touring-specs/6133	BMW 316i touring	BMW 3-serie touring	BMW	33.850	G	stationwagon	4478	1409 mm	1739 mm	1365 kg	1365 kg	177 g/km	2002	petrol	2	5	5	5	gearbox	435-1345 l	75 kg	11,2 s	rear	63 l	7,3 l/100km	200 km/h	565 kg	1250 kg	dohc	petrol	1796 cc	85 KW	175 Nm
http://www.cars-data.com//en/renault-laguna-1.8-16v-dynamique-specs/38313	Renault Laguna 1.8 16V Dynamique	Renault Laguna	Renault	27.595	G	hatchback	4579	1429 mm	1749 mm	1325 kg	1325 kg	197 g/km	2001	petrol	2	5	4	5	gearbox	430-1340 l	80 kg	12,9 s	front	70 l	8,3 l/100km	190 km/h	575 kg	1300 kg	dohc	petrol	1783 cc	89 KW	170 Nm
http://www.cars-data.com//en/renault-laguna-1.8-16v-dynamique-specs/38312	Renault Laguna 1.8 16V Dynamique	Renault Laguna	Renault	26.095	G	hatchback	4579	1429 mm	1749 mm	1290 kg	1290 kg	180 g/km	2001	petrol	2	5	5	5	gearbox	430-1340 l	80 kg	10,8 s	front	70 l	7,5 l/100km	201 km/h	575 kg	1300 kg	dohc	petrol	1783 cc	89 KW	170 Nm
http://www.cars-data.com//en/renault-laguna-1.8-16v-expression-specs/38309	Renault Laguna 1.8 16V Expression	Renault Laguna	Renault	26.195	G	hatchback	4579	1429 mm	1749 mm	1325 kg	1325 kg	197 g/km	2001	petrol	2	5	4	5	gearbox	430-1340 l	80 kg	12,9 s	front	70 l	8,3 l/100km	190 km/h	575 kg	1300 kg	dohc	petrol	1783 cc	89 KW	170 Nm
http://www.cars-data.com//en/renault-laguna-1.8-16v-expression-specs/38308	Renault Laguna 1.8 16V Expression	Renault Laguna	Renault	24.695	G	hatchback	4579	1429 mm	1749 mm	1290 kg	1290 kg	180 g/km	2001	petrol	2	5	5	5	gearbox	430-1340 l	80 kg	10,8 s	front	70 l	7,5 l/100km	201 km/h	575 kg	1300 kg	dohc	petrol	1783 cc	89 KW	170 Nm
http://www.cars-data.com//en/renault-laguna-1.6-16v-expression-specs/38304	Renault Laguna 1.6 16V Expression	Renault Laguna	Renault	23.295	G	hatchback	4579	1429 mm	1749 mm	1280 kg	1280 kg	173 g/km	2001	petrol	2	5	5	5	gearbox	430-1340 l	80 kg	11,5 s	front	70 l	7,2 l/100km	195 km/h	555 kg	1300 kg	dohc	petrol	1598 cc	79 KW	148 Nm
http://www.cars-data.com//en/renault-laguna-1.8-16v-privilege-specs/38316	Renault Laguna 1.8 16V Privilege	Renault Laguna	Renault	27.695	G	hatchback	4579	1429 mm	1749 mm	1290 kg	1290 kg	180 g/km	2001	petrol	2	5	5	5	gearbox	430-1340 l	80 kg	10,8 s	front	70 l	7,5 l/100km	201 km/h	575 kg	1300 kg	dohc	petrol	1783 cc	89 KW	170 Nm
http://www.cars-data.com//en/renault-laguna-1.9-dci-120hp-initiale-specs/38363	Renault Laguna 1.9 dCi 120hp Initiale	Renault Laguna	Renault	36.595	G	hatchback	4579	1429 mm	1749 mm	1360 kg	1360 kg	146 g/km	2001	diesel	2	5	6	5	gearbox	430-1340 l	80 kg	10,7 s	front	70 l	5,5 l/100km	200 km/h	575 kg	1500 kg	ohc	diesel	1870 cc	88 KW	270 Nm
http://www.cars-data.com//en/renault-laguna-3.0-v6-24v-dynamique-specs/38349	Renault Laguna 3.0 V6 24V Dynamique	Renault Laguna	Renault	34.895	G	hatchback	4579	1429 mm	1749 mm	1455 kg	1455 kg	240 g/km	2001	petrol	2	5	5	5	gearbox	430-1340 l	80 kg	8,1 s	front	70 l	10,1 l/100km	235 km/h	525 kg	1500 kg	dohc	petrol	2946 cc	152 KW	285 Nm
http://www.cars-data.com//en/renault-laguna-3.0-v6-24v-privilege-specs/38351	Renault Laguna 3.0 V6 24V Privilege	Renault Laguna	Renault	36.495	G	hatchback	4579	1429 mm	1749 mm	1455 kg	1455 kg	240 g/km	2001	petrol	2	5	5	5	gearbox	430-1340 l	80 kg	8,1 s	front	70 l	10,1 l/100km	235 km/h	525 kg	1500 kg	dohc	petrol	2946 cc	152 KW	285 Nm
http://www.cars-data.com//en/renault-laguna-3.0-v6-24v-initiale-specs/38352	Renault Laguna 3.0 V6 24V Initiale	Renault Laguna	Renault	40.495	G	hatchback	4579	1429 mm	1749 mm	1455 kg	1455 kg	240 g/km	2001	petrol	2	5	5	5	gearbox	430-1340 l	80 kg	8,1 s	front	70 l	10,1 l/100km	235 km/h	525 kg	1500 kg	dohc	petrol	2946 cc	152 KW	285 Nm
http://www.cars-data.com//en/renault-laguna-1.9-dci-100hp-authentique-specs/38353	Renault Laguna 1.9 dCi 100hp Authentique	Renault Laguna	Renault	26.595	G	hatchback	4579	1429 mm	1749 mm	1305 kg	1305 kg	150 g/km	2001	diesel	2	5	5	5	gearbox	430-1340 l	80 kg	13,0 s	front	70 l	5,4 l/100km	185 km/h	575 kg	1500 kg	ohc	diesel	1870 cc	74 KW	200 Nm
http://www.cars-data.com//en/renault-laguna-1.9-dci-100hp-expression-specs/38355	Renault Laguna 1.9 dCi 100hp Expression	Renault Laguna	Renault	27.595	G	hatchback	4579	1429 mm	1749 mm	1305 kg	1305 kg	150 g/km	2001	diesel	2	5	5	5	gearbox	430-1340 l	80 kg	13,0 s	front	70 l	5,4 l/100km	185 km/h	575 kg	1500 kg	ohc	diesel	1870 cc	74 KW	200 Nm
http://www.cars-data.com//en/renault-laguna-1.6-16v-authentique-specs/38302	Renault Laguna 1.6 16V Authentique	Renault Laguna	Renault	22.295	G	hatchback	4579	1429 mm	1749 mm	1280 kg	1280 kg	173 g/km	2001	petrol	2	5	5	5	gearbox	430-1340 l	80 kg	11,5 s	front	70 l	7,2 l/100km	195 km/h	555 kg	1300 kg	dohc	petrol	1598 cc	79 KW	148 Nm
http://www.cars-data.com//en/renault-laguna-2.0-16v-ide-dynamique-specs/38332	Renault Laguna 2.0 16V IDE Dynamique	Renault Laguna	Renault	26.795	G	hatchback	4579	1429 mm	1749 mm	1310 kg	1310 kg	185 g/km	2001	petrol	2	5	5	5	gearbox	430-1340 l	80 kg	9,8 s	front	70 l	7,7 l/100km	210 km/h	535 kg	1300 kg	dohc	petrol	1998 cc	103 KW	200 Nm
http://www.cars-data.com//en/renault-laguna-2.0-16v-ide-privilege-specs/38333	Renault Laguna 2.0 16V IDE Privilege	Renault Laguna	Renault	28.395	G	hatchback	4579	1429 mm	1749 mm	1310 kg	1310 kg	185 g/km	2001	petrol	2	5	5	5	gearbox	430-1340 l	80 kg	9,8 s	front	70 l	7,7 l/100km	210 km/h	535 kg	1300 kg	dohc	petrol	1998 cc	103 KW	200 Nm
http://www.cars-data.com//en/renault-laguna-2.0-16v-ide-initiale-specs/38334	Renault Laguna 2.0 16V IDE Initiale	Renault Laguna	Renault	32.995	G	hatchback	4579	1429 mm	1749 mm	1310 kg	1310 kg	185 g/km	2001	petrol	2	5	5	5	gearbox	430-1340 l	80 kg	9,8 s	front	70 l	7,7 l/100km	210 km/h	535 kg	1300 kg	dohc	petrol	1998 cc	103 KW	200 Nm
http://www.cars-data.com//en/renault-laguna-1.9-dci-120hp-dynamique-specs/38360	Renault Laguna 1.9 dCi 120hp Dynamique	Renault Laguna	Renault	30.995	G	hatchback	4579	1429 mm	1749 mm	1360 kg	1360 kg	146 g/km	2001	diesel	2	5	6	5	gearbox	430-1340 l	80 kg	10,7 s	front	70 l	5,5 l/100km	200 km/h	575 kg	1500 kg	ohc	diesel	1870 cc	88 KW	270 Nm
http://www.cars-data.com//en/renault-laguna-1.8-16v-privilege-specs/38317	Renault Laguna 1.8 16V Privilege	Renault Laguna	Renault	29.195	G	hatchback	4579	1429 mm	1749 mm	1325 kg	1325 kg	197 g/km	2001	petrol	2	5	4	5	gearbox	430-1340 l	80 kg	12,9 s	front	70 l	8,3 l/100km	190 km/h	575 kg	1300 kg	dohc	petrol	1783 cc	89 KW	170 Nm
http://www.cars-data.com//en/renault-laguna-1.9-dci-120hp-privilege-specs/38362	Renault Laguna 1.9 dCi 120hp Privilege	Renault Laguna	Renault	32.595	G	hatchback	4579	1429 mm	1749 mm	1360 kg	1360 kg	146 g/km	2001	diesel	2	5	6	5	gearbox	430-1340 l	80 kg	10,7 s	front	70 l	5,5 l/100km	200 km/h	575 kg	1500 kg	ohc	diesel	1870 cc	88 KW	270 Nm
http://www.cars-data.com//en/renault-laguna-1.9-dci-120hp-expression-specs/38358	Renault Laguna 1.9 dCi 120hp Expression	Renault Laguna	Renault	29.595	G	hatchback	4579	1429 mm	1749 mm	1360 kg	1360 kg	146 g/km	2001	diesel	2	5	6	5	gearbox	430-1340 l	80 kg	10,7 s	front	70 l	5,5 l/100km	200 km/h	575 kg	1500 kg	ohc	diesel	1870 cc	88 KW	270 Nm
http://www.cars-data.com//en/renault-laguna-1.8-16v-tech-road-specs/38311	Renault Laguna 1.8 16V Tech Road	Renault Laguna	Renault	26.195	G	hatchback	4579	1429 mm	1749 mm	1325 kg	1325 kg	197 g/km	2004	petrol	2	5	4	5	gearbox	430-1340 l	80 kg	12,9 s	front	70 l	8,3 l/100km	190 km/h	575 kg	1300 kg	dohc	petrol	1783 cc	89 KW	170 Nm
http://www.cars-data.com//en/renault-laguna-1.9-dci-120hp-tech-line-specs/38361	Renault Laguna 1.9 dCi 120hp Tech Line	Renault Laguna	Renault	31.595	G	hatchback	4579	1429 mm	1749 mm	1360 kg	1360 kg	146 g/km	2004	diesel	2	5	6	5	gearbox	430-1340 l	80 kg	10,7 s	front	70 l	5,5 l/100km	200 km/h	575 kg	1500 kg	ohc	diesel	1870 cc	88 KW	270 Nm
http://www.cars-data.com//en/renault-laguna-1.9-dci-120hp-tech-road-specs/38359	Renault Laguna 1.9 dCi 120hp Tech Road	Renault Laguna	Renault	29.595	G	hatchback	4579	1429 mm	1749 mm	1360 kg	1360 kg	146 g/km	2004	diesel	2	5	6	5	gearbox	430-1340 l	80 kg	10,7 s	front	70 l	5,5 l/100km	200 km/h	575 kg	1500 kg	ohc	diesel	1870 cc	88 KW	270 Nm
http://www.cars-data.com//en/renault-laguna-1.9-dci-100hp-tech-road-specs/38356	Renault Laguna 1.9 dCi 100hp Tech Road	Renault Laguna	Renault	27.595	G	hatchback	4579	1429 mm	1749 mm	1305 kg	1305 kg	150 g/km	2004	diesel	2	5	5	5	gearbox	430-1340 l	80 kg	13,0 s	front	70 l	5,4 l/100km	185 km/h	575 kg	1500 kg	ohc	diesel	1870 cc	74 KW	200 Nm
http://www.cars-data.com//en/renault-laguna-2.0-16v-tech-road-specs/38322	Renault Laguna 2.0 16V Tech Road	Renault Laguna	Renault	25.695	G	hatchback	4579	1429 mm	1749 mm	1300 kg	1300 kg	187 g/km	2004	petrol	2	5	5	5	gearbox	430-1340 l	80 kg	9,9 s	front	70 l	7,9 l/100km	205 km/h	565 kg	1300 kg	dohc	petrol	1998 cc	99 KW	191 Nm
http://www.cars-data.com//en/renault-laguna-2.0-16v-tech-road-specs/38323	Renault Laguna 2.0 16V Tech Road	Renault Laguna	Renault	27.195	G	hatchback	4579	1429 mm	1749 mm	1335 kg	1335 kg	201 g/km	2004	petrol	2	5	4	5	gearbox	430-1340 l	80 kg	12,1 s	front	70 l	8,4 l/100km	200 km/h	565 kg	1300 kg	dohc	petrol	1998 cc	99 KW	191 Nm
http://www.cars-data.com//en/renault-laguna-3.0-v6-24v-tech-line-specs/38350	Renault Laguna 3.0 V6 24V Tech Line	Renault Laguna	Renault	35.495	G	hatchback	4579	1429 mm	1749 mm	1455 kg	1455 kg	240 g/km	2004	petrol	2	5	5	5	gearbox	430-1340 l	80 kg	8,1 s	front	70 l	10,1 l/100km	235 km/h	525 kg	1500 kg	dohc	petrol	2946 cc	152 KW	285 Nm
http://www.cars-data.com//en/renault-laguna-2.0-16v-tech-line-specs/38326	Renault Laguna 2.0 16V Tech Line	Renault Laguna	Renault	27.695	G	hatchback	4579	1429 mm	1749 mm	1300 kg	1300 kg	187 g/km	2004	petrol	2	5	5	5	gearbox	430-1340 l	80 kg	9,9 s	front	70 l	7,9 l/100km	205 km/h	565 kg	1300 kg	dohc	petrol	1998 cc	99 KW	191 Nm
http://www.cars-data.com//en/renault-laguna-2.0-16v-tech-line-specs/38327	Renault Laguna 2.0 16V Tech Line	Renault Laguna	Renault	29.195	G	hatchback	4579	1429 mm	1749 mm	1335 kg	1335 kg	201 g/km	2004	petrol	2	5	4	5	gearbox	430-1340 l	80 kg	12,1 s	front	70 l	8,4 l/100km	200 km/h	565 kg	1300 kg	dohc	petrol	1998 cc	99 KW	191 Nm
http://www.cars-data.com//en/renault-laguna-2.0-turbo-16v-tech-road-specs/38340	Renault Laguna 2.0 Turbo 16V Tech Road	Renault Laguna	Renault	29.595	G	hatchback	4579	1429 mm	1749 mm	1315 kg	1315 kg	217 g/km	2004	petrol	2	5	4	5	gearbox	430-1340 l	80 kg	9,1 s	front	70 l	9,1 l/100km	214 km/h	575 kg	1300 kg	dohc	petrol	1998 cc	120 KW	270 Nm
http://www.cars-data.com//en/renault-laguna-2.0-turbo-16v-tech-line-specs/38344	Renault Laguna 2.0 Turbo 16V Tech Line	Renault Laguna	Renault	31.595	G	hatchback	4579	1429 mm	1749 mm	1315 kg	1315 kg	217 g/km	2004	petrol	2	5	4	5	gearbox	430-1340 l	80 kg	9,1 s	front	70 l	9,1 l/100km	214 km/h	575 kg	1300 kg	dohc	petrol	1998 cc	120 KW	270 Nm
http://www.cars-data.com//en/renault-laguna-2.0-turbo-16v-tech-line-specs/38343	Renault Laguna 2.0 Turbo 16V Tech Line	Renault Laguna	Renault	30.095	G	hatchback	4579	1429 mm	1749 mm	1295 kg	1295 kg	196 g/km	2004	petrol	2	5	6	5	gearbox	430-1340 l	80 kg	8,5 s	front	70 l	8,2 l/100km	218 km/h	575 kg	1300 kg	dohc	petrol	1998 cc	120 KW	270 Nm
http://www.cars-data.com//en/renault-laguna-1.8-16v-tech-line-specs/38315	Renault Laguna 1.8 16V Tech Line	Renault Laguna	Renault	28.195	G	hatchback	4579	1429 mm	1749 mm	1325 kg	1325 kg	197 g/km	2004	petrol	2	5	4	5	gearbox	430-1340 l	80 kg	12,9 s	front	70 l	8,3 l/100km	190 km/h	575 kg	1300 kg	dohc	petrol	1783 cc	89 KW	170 Nm
http://www.cars-data.com//en/renault-laguna-1.8-16v-tech-line-specs/38314	Renault Laguna 1.8 16V Tech Line	Renault Laguna	Renault	26.695	G	hatchback	4579	1429 mm	1749 mm	1290 kg	1290 kg	180 g/km	2004	petrol	2	5	5	5	gearbox	430-1340 l	80 kg	10,8 s	front	70 l	7,5 l/100km	201 km/h	575 kg	1300 kg	dohc	petrol	1783 cc	89 KW	170 Nm
http://www.cars-data.com//en/renault-laguna-1.6-16v-tech-road-specs/38305	Renault Laguna 1.6 16V Tech Road	Renault Laguna	Renault	23.295	G	hatchback	4579	1429 mm	1749 mm	1280 kg	1280 kg	173 g/km	2004	petrol	2	5	5	5	gearbox	430-1340 l	80 kg	11,5 s	front	70 l	7,2 l/100km	195 km/h	555 kg	1300 kg	dohc	petrol	1598 cc	79 KW	148 Nm
http://www.cars-data.com//en/renault-laguna-2.2-dci-tech-line-specs/38373	Renault Laguna 2.2 dCi Tech Line	Renault Laguna	Renault	35.395	G	hatchback	4579	1429 mm	1749 mm	1465 kg	1465 kg	202 g/km	2004	diesel	2	5	5	5	gearbox	430-1340 l	80 kg	10,9 s	front	70 l	7,6 l/100km	208 km/h	575 kg	1500 kg	ohc	diesel	2188 cc	110 KW	320 Nm
http://www.cars-data.com//en/renault-laguna-2.2-dci-tech-line-specs/38372	Renault Laguna 2.2 dCi Tech Line	Renault Laguna	Renault	33.895	G	hatchback	4579	1429 mm	1749 mm	1465 kg	1465 kg	167 g/km	2004	diesel	2	5	6	5	gearbox	430-1340 l	80 kg	9,8 s	front	70 l	6,3 l/100km	215 km/h	575 kg	1500 kg	ohc	diesel	2188 cc	110 KW	320 Nm
http://www.cars-data.com//en/renault-laguna-2.2-dci-tech-road-specs/38369	Renault Laguna 2.2 dCi Tech Road	Renault Laguna	Renault	33.395	G	hatchback	4579	1429 mm	1749 mm	1495 kg	1495 kg	202 g/km	2004	diesel	2	5	5	5	gearbox	430-1340 l	80 kg	10,9 s	front	70 l	7,6 l/100km	208 km/h	575 kg	1500 kg	ohc	diesel	2188 cc	110 KW	320 Nm
http://www.cars-data.com//en/renault-laguna-1.8-16v-tech-road-specs/38310	Renault Laguna 1.8 16V Tech Road	Renault Laguna	Renault	24.695	G	hatchback	4579	1429 mm	1749 mm	1290 kg	1290 kg	180 g/km	2004	petrol	2	5	5	5	gearbox	430-1340 l	80 kg	10,8 s	front	70 l	7,5 l/100km	201 km/h	575 kg	1300 kg	dohc	petrol	1783 cc	89 KW	170 Nm
http://www.cars-data.com//en/renault-laguna-2.0-turbo-16v-tech-road-specs/38339	Renault Laguna 2.0 Turbo 16V Tech Road	Renault Laguna	Renault	28.095	G	hatchback	4579	1429 mm	1749 mm	1295 kg	1295 kg	196 g/km	2004	petrol	2	5	6	5	gearbox	430-1340 l	80 kg	8,5 s	front	70 l	8,2 l/100km	218 km/h	575 kg	1300 kg	dohc	petrol	1998 cc	120 KW	270 Nm
http://www.cars-data.com//en/renault-laguna-2.2-dci-tech-road-specs/38368	Renault Laguna 2.2 dCi Tech Road	Renault Laguna	Renault	31.895	G	hatchback	4579	1429 mm	1749 mm	1465 kg	1465 kg	167 g/km	2004	diesel	2	5	6	5	gearbox	430-1340 l	80 kg	9,8 s	front	70 l	6,3 l/100km	215 km/h	575 kg	1500 kg	ohc	diesel	2188 cc	110 KW	320 Nm
http://www.cars-data.com//en/renault-laguna-2.0-16v-expression-specs/38320	Renault Laguna 2.0 16V Expression	Renault Laguna	Renault	25.695	G	hatchback	4579	1429 mm	1749 mm	1300 kg	1300 kg	187 g/km	2003	petrol	2	5	5	5	gearbox	430-1340 l	80 kg	9,9 s	front	70 l	7,9 l/100km	205 km/h	565 kg	1300 kg	dohc	petrol	1998 cc	99 KW	191 Nm
http://www.cars-data.com//en/renault-laguna-2.0-turbo-16v-dynamique-specs/38341	Renault Laguna 2.0 Turbo 16V Dynamique	Renault Laguna	Renault	29.495	G	hatchback	4579	1429 mm	1749 mm	1295 kg	1295 kg	196 g/km	2003	petrol	2	5	6	5	gearbox	430-1340 l	80 kg	8,5 s	front	70 l	8,2 l/100km	218 km/h	575 kg	1300 kg	dohc	petrol	1998 cc	120 KW	270 Nm
http://www.cars-data.com//en/renault-laguna-2.0-turbo-16v-dynamique-specs/38342	Renault Laguna 2.0 Turbo 16V Dynamique	Renault Laguna	Renault	30.995	G	hatchback	4579	1429 mm	1749 mm	1315 kg	1315 kg	217 g/km	2003	petrol	2	5	4	5	gearbox	430-1340 l	80 kg	9,1 s	front	70 l	9,1 l/100km	214 km/h	575 kg	1300 kg	dohc	petrol	1998 cc	120 KW	270 Nm
http://www.cars-data.com//en/renault-laguna-2.2-dci-initiale-specs/38377	Renault Laguna 2.2 dCi Initiale	Renault Laguna	Renault	40.395	G	hatchback	4579	1429 mm	1749 mm	1465 kg	1465 kg	202 g/km	2003	diesel	2	5	5	5	gearbox	430-1340 l	80 kg	10,9 s	front	70 l	7,6 l/100km	208 km/h	575 kg	1500 kg	ohc	diesel	2188 cc	110 KW	320 Nm
http://www.cars-data.com//en/renault-laguna-2.2-dci-privilege-specs/38375	Renault Laguna 2.2 dCi Privilege	Renault Laguna	Renault	36.395	G	hatchback	4579	1429 mm	1749 mm	1465 kg	1465 kg	202 g/km	2003	diesel	2	5	5	5	gearbox	430-1340 l	80 kg	10,9 s	front	70 l	7,6 l/100km	208 km/h	575 kg	1500 kg	ohc	diesel	2188 cc	110 KW	320 Nm
http://www.cars-data.com//en/renault-laguna-2.2-dci-elective-specs/38364	Renault Laguna 2.2 dCi Elective	Renault Laguna	Renault	30.095	G	hatchback	4579	1429 mm	1749 mm	1465 kg	1465 kg	167 g/km	2003	diesel	2	5	6	5	gearbox	430-1340 l	80 kg	9,8 s	front	70 l	6,3 l/100km	215 km/h	575 kg	1500 kg	ohc	diesel	2188 cc	110 KW	320 Nm
http://www.cars-data.com//en/renault-laguna-2.0-turbo-16v-privilege-specs/38345	Renault Laguna 2.0 Turbo 16V Privilege	Renault Laguna	Renault	31.095	G	hatchback	4579	1429 mm	1749 mm	1295 kg	1295 kg	196 g/km	2003	petrol	2	5	6	5	gearbox	430-1340 l	80 kg	8,5 s	front	70 l	8,2 l/100km	218 km/h	575 kg	1300 kg	dohc	petrol	1998 cc	120 KW	270 Nm
http://www.cars-data.com//en/renault-laguna-2.0-turbo-16v-privilege-specs/38346	Renault Laguna 2.0 Turbo 16V Privilege	Renault Laguna	Renault	32.595	G	hatchback	4579	1429 mm	1749 mm	1315 kg	1315 kg	217 g/km	2003	petrol	2	5	4	5	gearbox	430-1340 l	80 kg	9,1 s	front	70 l	9,1 l/100km	214 km/h	575 kg	1300 kg	dohc	petrol	1998 cc	120 KW	270 Nm
http://www.cars-data.com//en/renault-laguna-2.0-turbo-16v-initiale-specs/38347	Renault Laguna 2.0 Turbo 16V Initiale	Renault Laguna	Renault	35.095	G	hatchback	4579	1429 mm	1749 mm	1295 kg	1295 kg	196 g/km	2003	petrol	2	5	6	5	gearbox	430-1340 l	80 kg	8,5 s	front	70 l	8,2 l/100km	218 km/h	575 kg	1300 kg	dohc	petrol	1998 cc	120 KW	270 Nm
http://www.cars-data.com//en/renault-laguna-2.2-dci-elective-specs/38365	Renault Laguna 2.2 dCi Elective	Renault Laguna	Renault	31.595	G	hatchback	4579	1429 mm	1749 mm	1495 kg	1495 kg	202 g/km	2003	diesel	2	5	5	5	gearbox	430-1340 l	80 kg	10,9 s	front	70 l	7,6 l/100km	208 km/h	575 kg	1500 kg	ohc	diesel	2188 cc	110 KW	320 Nm
http://www.cars-data.com//en/renault-laguna-2.2-dci-expression-specs/38367	Renault Laguna 2.2 dCi Expression	Renault Laguna	Renault	33.395	G	hatchback	4579	1429 mm	1749 mm	1495 kg	1495 kg	202 g/km	2003	diesel	2	5	5	5	gearbox	430-1340 l	80 kg	10,9 s	front	70 l	7,6 l/100km	208 km/h	575 kg	1500 kg	ohc	diesel	2188 cc	110 KW	320 Nm
http://www.cars-data.com//en/renault-laguna-2.0-turbo-16v-initiale-specs/38348	Renault Laguna 2.0 Turbo 16V Initiale	Renault Laguna	Renault	36.595	G	hatchback	4579	1429 mm	1749 mm	1315 kg	1315 kg	217 g/km	2003	petrol	2	5	4	5	gearbox	430-1340 l	80 kg	9,1 s	front	70 l	9,1 l/100km	214 km/h	575 kg	1300 kg	dohc	petrol	1998 cc	120 KW	270 Nm
http://www.cars-data.com//en/renault-laguna-2.2-dci-dynamique-specs/38371	Renault Laguna 2.2 dCi Dynamique	Renault Laguna	Renault	34.795	G	hatchback	4579	1429 mm	1749 mm	1465 kg	1465 kg	202 g/km	2003	diesel	2	5	5	5	gearbox	430-1340 l	80 kg	10,9 s	front	70 l	7,6 l/100km	208 km/h	575 kg	1500 kg	ohc	diesel	2188 cc	110 KW	320 Nm
http://www.cars-data.com//en/renault-laguna-1.9-dci-120hp-elective-specs/38357	Renault Laguna 1.9 dCi 120hp Elective	Renault Laguna	Renault	27.795	G	hatchback	4579	1429 mm	1749 mm	1360 kg	1360 kg	146 g/km	2003	diesel	2	5	6	5	gearbox	430-1340 l	80 kg	10,7 s	front	70 l	5,5 l/100km	200 km/h	575 kg	1500 kg	ohc	diesel	1870 cc	88 KW	270 Nm
http://www.cars-data.com//en/renault-laguna-1.9-dci-100hp-elective-specs/38354	Renault Laguna 1.9 dCi 100hp Elective	Renault Laguna	Renault	25.795	G	hatchback	4579	1429 mm	1749 mm	1305 kg	1305 kg	150 g/km	2003	diesel	2	5	5	5	gearbox	430-1340 l	80 kg	13,0 s	front	70 l	5,4 l/100km	185 km/h	575 kg	1500 kg	ohc	diesel	1870 cc	74 KW	200 Nm
http://www.cars-data.com//en/renault-laguna-2.0-turbo-16v-expression-specs/38338	Renault Laguna 2.0 Turbo 16V Expression	Renault Laguna	Renault	29.595	G	hatchback	4579	1429 mm	1749 mm	1315 kg	1315 kg	217 g/km	2003	petrol	2	5	4	5	gearbox	430-1340 l	80 kg	9,1 s	front	70 l	9,1 l/100km	214 km/h	575 kg	1300 kg	dohc	petrol	1998 cc	120 KW	270 Nm
http://www.cars-data.com//en/renault-laguna-2.0-turbo-16v-expression-specs/38337	Renault Laguna 2.0 Turbo 16V Expression	Renault Laguna	Renault	28.095	G	hatchback	4579	1429 mm	1749 mm	1295 kg	1295 kg	196 g/km	2003	petrol	2	5	6	5	gearbox	430-1340 l	80 kg	8,5 s	front	70 l	8,2 l/100km	218 km/h	575 kg	1300 kg	dohc	petrol	1998 cc	120 KW	270 Nm
http://www.cars-data.com//en/renault-laguna-1.8-16v-elective-specs/38306	Renault Laguna 1.8 16V Elective	Renault Laguna	Renault	23.395	G	hatchback	4579	1429 mm	1749 mm	1290 kg	1290 kg	180 g/km	2003	petrol	2	5	5	5	gearbox	430-1340 l	80 kg	10,8 s	front	70 l	7,5 l/100km	201 km/h	575 kg	1300 kg	dohc	petrol	1783 cc	89 KW	170 Nm
http://www.cars-data.com//en/renault-laguna-1.8-16v-elective-specs/38307	Renault Laguna 1.8 16V Elective	Renault Laguna	Renault	24.895	G	hatchback	4579	1429 mm	1749 mm	1325 kg	1325 kg	197 g/km	2003	petrol	2	5	4	5	gearbox	430-1340 l	80 kg	12,9 s	front	70 l	8,3 l/100km	190 km/h	575 kg	1300 kg	dohc	petrol	1783 cc	89 KW	170 Nm
http://www.cars-data.com//en/renault-laguna-2.0-16v-elective-specs/38318	Renault Laguna 2.0 16V Elective	Renault Laguna	Renault	24.995	G	hatchback	4579	1429 mm	1749 mm	1300 kg	1300 kg	187 g/km	2003	petrol	2	5	5	5	gearbox	430-1340 l	80 kg	9,9 s	front	70 l	7,9 l/100km	205 km/h	565 kg	1300 kg	dohc	petrol	1998 cc	99 KW	191 Nm
http://www.cars-data.com//en/renault-laguna-1.6-16v-elective-specs/38303	Renault Laguna 1.6 16V Elective	Renault Laguna	Renault	21.995	G	hatchback	4579	1429 mm	1749 mm	1280 kg	1280 kg	173 g/km	2003	petrol	2	5	5	5	gearbox	430-1340 l	80 kg	11,5 s	front	70 l	7,2 l/100km	195 km/h	555 kg	1300 kg	dohc	petrol	1598 cc	79 KW	148 Nm
http://www.cars-data.com//en/renault-laguna-2.0-16v-elective-specs/38319	Renault Laguna 2.0 16V Elective	Renault Laguna	Renault	26.495	G	hatchback	4579	1429 mm	1749 mm	1335 kg	1335 kg	201 g/km	2003	petrol	2	5	4	5	gearbox	430-1340 l	80 kg	12,1 s	front	70 l	8,4 l/100km	200 km/h	565 kg	1300 kg	dohc	petrol	1998 cc	99 KW	191 Nm
http://www.cars-data.com//en/renault-laguna-2.0-16v-expression-specs/38321	Renault Laguna 2.0 16V Expression	Renault Laguna	Renault	27.195	G	hatchback	4579	1429 mm	1749 mm	1335 kg	1335 kg	201 g/km	2003	petrol	2	5	4	5	gearbox	430-1340 l	80 kg	12,1 s	front	70 l	8,4 l/100km	200 km/h	565 kg	1300 kg	dohc	petrol	1998 cc	99 KW	191 Nm
http://www.cars-data.com//en/renault-laguna-2.0-turbo-16v-elective-specs/38335	Renault Laguna 2.0 Turbo 16V Elective	Renault Laguna	Renault	26.795	G	hatchback	4579	1429 mm	1749 mm	1295 kg	1295 kg	196 g/km	2003	petrol	2	5	6	5	gearbox	430-1340 l	80 kg	8,5 s	front	70 l	8,2 l/100km	218 km/h	575 kg	1300 kg	dohc	petrol	1998 cc	120 KW	270 Nm
http://www.cars-data.com//en/renault-laguna-2.0-16v-initiale-specs/38330	Renault Laguna 2.0 16V Initiale	Renault Laguna	Renault	32.695	G	hatchback	4579	1429 mm	1749 mm	1300 kg	1300 kg	187 g/km	2003	petrol	2	5	5	5	gearbox	430-1340 l	80 kg	9,9 s	front	70 l	7,9 l/100km	205 km/h	565 kg	1300 kg	dohc	petrol	1998 cc	99 KW	191 Nm
http://www.cars-data.com//en/renault-laguna-2.0-turbo-16v-elective-specs/38336	Renault Laguna 2.0 Turbo 16V Elective	Renault Laguna	Renault	28.295	G	hatchback	4579	1429 mm	1749 mm	1315 kg	1315 kg	217 g/km	2003	petrol	2	5	4	5	gearbox	430-1340 l	80 kg	9,1 s	front	70 l	9,1 l/100km	214 km/h	575 kg	1300 kg	dohc	petrol	1998 cc	120 KW	270 Nm
http://www.cars-data.com//en/renault-laguna-2.2-dci-expression-specs/38366	Renault Laguna 2.2 dCi Expression	Renault Laguna	Renault	31.895	G	hatchback	4579	1429 mm	1749 mm	1465 kg	1465 kg	167 g/km	2002	diesel	2	5	6	5	gearbox	430-1340 l	80 kg	9,8 s	front	70 l	6,3 l/100km	215 km/h	575 kg	1500 kg	ohc	diesel	2188 cc	110 KW	320 Nm
http://www.cars-data.com//en/renault-laguna-2.0-16v-initiale-specs/38331	Renault Laguna 2.0 16V Initiale	Renault Laguna	Renault	34.195	G	hatchback	4579	1429 mm	1749 mm	1335 kg	1335 kg	201 g/km	2002	petrol	2	5	4	5	gearbox	430-1340 l	80 kg	12,1 s	front	70 l	8,4 l/100km	200 km/h	565 kg	1300 kg	dohc	petrol	1998 cc	99 KW	191 Nm
http://www.cars-data.com//en/renault-laguna-2.2-dci-dynamique-specs/38370	Renault Laguna 2.2 dCi Dynamique	Renault Laguna	Renault	33.295	G	hatchback	4579	1429 mm	1749 mm	1465 kg	1465 kg	167 g/km	2002	diesel	2	5	6	5	gearbox	430-1340 l	80 kg	9,8 s	front	70 l	6,3 l/100km	215 km/h	575 kg	1500 kg	ohc	diesel	2188 cc	110 KW	320 Nm
http://www.cars-data.com//en/renault-laguna-2.0-16v-privilege-specs/38329	Renault Laguna 2.0 16V Privilege	Renault Laguna	Renault	30.195	G	hatchback	4579	1429 mm	1749 mm	1335 kg	1335 kg	201 g/km	2002	petrol	2	5	4	5	gearbox	430-1340 l	80 kg	12,1 s	front	70 l	8,4 l/100km	200 km/h	565 kg	1300 kg	dohc	petrol	1998 cc	99 KW	191 Nm
http://www.cars-data.com//en/renault-laguna-2.2-dci-privilege-specs/38374	Renault Laguna 2.2 dCi Privilege	Renault Laguna	Renault	34.895	G	hatchback	4579	1429 mm	1749 mm	1465 kg	1465 kg	167 g/km	2002	diesel	2	5	6	5	gearbox	430-1340 l	80 kg	9,8 s	front	70 l	6,3 l/100km	215 km/h	575 kg	1500 kg	ohc	diesel	2188 cc	110 KW	320 Nm
http://www.cars-data.com//en/renault-laguna-2.0-16v-dynamique-specs/38324	Renault Laguna 2.0 16V Dynamique	Renault Laguna	Renault	27.095	G	hatchback	4579	1429 mm	1749 mm	1300 kg	1300 kg	187 g/km	2002	petrol	2	5	5	5	gearbox	430-1340 l	80 kg	9,9 s	front	70 l	7,9 l/100km	205 km/h	565 kg	1300 kg	dohc	petrol	1998 cc	99 KW	191 Nm
http://www.cars-data.com//en/renault-laguna-2.0-16v-privilege-specs/38328	Renault Laguna 2.0 16V Privilege	Renault Laguna	Renault	28.695	G	hatchback	4579	1429 mm	1749 mm	1300 kg	1300 kg	187 g/km	2002	petrol	2	5	5	5	gearbox	430-1340 l	80 kg	9,9 s	front	70 l	7,9 l/100km	205 km/h	565 kg	1300 kg	dohc	petrol	1998 cc	99 KW	191 Nm
http://www.cars-data.com//en/renault-laguna-2.2-dci-initiale-specs/38376	Renault Laguna 2.2 dCi Initiale	Renault Laguna	Renault	38.895	G	hatchback	4579	1429 mm	1749 mm	1465 kg	1465 kg	167 g/km	2002	diesel	2	5	6	5	gearbox	430-1340 l	80 kg	9,8 s	front	70 l	6,3 l/100km	215 km/h	575 kg	1500 kg	ohc	diesel	2188 cc	110 KW	320 Nm
http://www.cars-data.com//en/renault-laguna-2.0-16v-dynamique-specs/38325	Renault Laguna 2.0 16V Dynamique	Renault Laguna	Renault	28.595	G	hatchback	4579	1429 mm	1749 mm	1335 kg	1335 kg	201 g/km	2002	petrol	2	5	4	5	gearbox	430-1340 l	80 kg	12,1 s	front	70 l	8,4 l/100km	200 km/h	565 kg	1300 kg	dohc	petrol	1998 cc	99 KW	191 Nm
http://www.cars-data.com//en/citroen-zx-reflex-1.4i-specs/10944	Citroen ZX Reflex 1.4i	Citroen ZX	Citroen	13.495	N.A.	hatchback	4071	1399 mm	1702 mm	944 kg	944 kg		1994	petrol	2	5	5	5	gearbox	324-1146 l	75 kg	13,7 s	front	56 l	7,0 l/100km	172 km/h	546 kg	1000 kg	ohc	petrol	1360 cc	55 KW	111 Nm
http://www.cars-data.com//en/citroen-zx-avantage-1.4i-specs/10945	Citroen ZX Avantage 1.4i	Citroen ZX	Citroen	14.249	N.A.	hatchback	4071	1399 mm	1702 mm	944 kg	944 kg		1994	petrol	2	5	5	5	gearbox	324-1146 l	75 kg	13,7 s	front	56 l	7,0 l/100km	172 km/h	546 kg	1000 kg	ohc	petrol	1360 cc	55 KW	111 Nm
http://www.cars-data.com//en/citroen-zx-avantage-1.8i-specs/10946	Citroen ZX Avantage 1.8i	Citroen ZX	Citroen	15.463	N.A.	hatchback	4071	1404 mm	1702 mm	1012 kg	1012 kg		1994	petrol	2	5	5	5	gearbox	324-1146 l	75 kg	11,3 s	front	56 l	7,3 l/100km	188 km/h	538 kg	1000 kg	ohc	petrol	1761 cc	76 KW	153 Nm
http://www.cars-data.com//en/citroen-zx-aura-1.8i-specs/10947	Citroen ZX Aura 1.8i	Citroen ZX	Citroen	16.606	N.A.	hatchback	4071	1404 mm	1702 mm	1012 kg	1012 kg		1994	petrol	2	5	5	5	gearbox	343-926 l	75 kg	11,3 s	front	56 l	7,3 l/100km	188 km/h	538 kg	1000 kg	ohc	petrol	1761 cc	76 KW	153 Nm
http://www.cars-data.com//en/citroen-zx-aura-1.8i-specs/10948	Citroen ZX Aura 1.8i	Citroen ZX	Citroen	17.999	N.A.	hatchback	4071	1404 mm	1702 mm	1048 kg	1048 kg		1994	petrol	2	5	4	5	gearbox	343-926 l	75 kg	14,7 s	front	56 l	8,2 l/100km	176 km/h	502 kg	1000 kg	ohc	petrol	1761 cc	76 KW	153 Nm
http://www.cars-data.com//en/citroen-zx-reflex-1.9-d-specs/10949	Citroen ZX Reflex 1.9 D	Citroen ZX	Citroen	15.680	N.A.	hatchback	4071	1397 mm	1702 mm	1014 kg	1014 kg		1994	diesel	2	5	5	5	gearbox	324-1146 l	75 kg	16,1 s	front	56 l	5,7 l/100km	164 km/h	546 kg	1000 kg	ohc	diesel	1905 cc	52 KW	120 Nm
http://www.cars-data.com//en/citroen-zx-avantage-1.9-d-specs/10950	Citroen ZX Avantage 1.9 D	Citroen ZX	Citroen	16.434	N.A.	hatchback	4071	1397 mm	1702 mm	1014 kg	1014 kg		1994	diesel	2	5	5	5	gearbox	324-1146 l	75 kg	16,1 s	front	56 l	5,7 l/100km	164 km/h	546 kg	1000 kg	ohc	diesel	1905 cc	52 KW	120 Nm
http://www.cars-data.com//en/citroen-zx-aura-1.9-td-specs/10951	Citroen ZX Aura 1.9 TD	Citroen ZX	Citroen	19.873	N.A.	hatchback	4071	1405 mm	1702 mm	1085 kg	1085 kg		1994	diesel	2	5	5	5	gearbox	343-926 l	75 kg	12,0 s	front	56 l	5,9 l/100km	185 km/h	505 kg	1100 kg	ohc	diesel	1905 cc	67 KW	196 Nm
http://www.cars-data.com//en/toyota-cressida-2.0-de-luxe-specs/79133	Toyota Cressida 2.0 de Luxe	Toyota Cressida	Toyota	12.704	-	sedan	4500	1450 mm	1680 mm	1080 kg	1080 kg	- g/km	1981	petrol	2	4	5	5	gearbox	- l	100 kg	12,3 s	rear	65 l	9,9 l/100km	175 km/h	530 kg	1200 kg	ohc	petrol	1972 cc	77 KW	157 Nm
